article_id	language	avg_sentence_length	avg_syllable_length	fkgl	wstf	noun_ratio	adjective_ratio	function_word_ratio	numbers_ratio	negations_ratio	grammar_frequency	adjacent_sent_edit_distance	dep_tree_depth	noun_phrase_complexity	word_freq	word_freq_filtered	lexical_chain_lens	crossing_lexical_chains	bpe_sentence_length	avg_bpe_length	bpe_char_ratio	bpe_char_ratio_lex	type_token_ratio	mattr	heaps_law_beta	heaps_law_beta_lex	verb_ratio	herdans_c	text_length	text_length_lex	text_length_sentences
1263121	de	5.8396946564885495	1.8026143790849674	7.9583305892331495	6.642900214538743	0.27058823529411763	0.027450980392156862	0.7006535947712418	0.00522875816993464	0.01045751633986928	0.8625954198473282	0.6895226995226995	2.484848484848485	1.456140350877193	0.0042865528337254905	7.222341705882353e-05	0.005091159270725834	0.4143790849673203	11.257575757575758	1.5795198673875144	3.541128484024473	2.2922374429223744	0.3333333333333333	0.6144294294294287	0.721541520124991	0.8539794657343527	0.20392156862745098	0.8790550325127271	760	340	132
939605	de	5.4941176470588236	1.779443254817987	7.5501362892051915	5.0008969845068645	0.284796573875803	0.042826552462526764	0.7044967880085653	0.007494646680942184	0.011777301927194861	0.8411764705882353	0.6890536977815077	2.4127906976744184	1.5843023255813953	0.004457764924946467	8.361402546728971e-05	0.004880235048055376	0.5085653104925053	10.290697674418604	1.532718136107059	3.5498301245753114	2.358255451713396	0.3436830835117773	0.6279760479041937	0.7961902131839547	0.9879326795742243	0.19914346895074947	0.8916599328780465	925	428	172
769781	de	5.34020618556701	1.7625482625482625	7.290749910440631	5.556202937547267	0.29343629343629346	0.02702702702702703	0.7567567567567568	0.013513513513513514	0.015444015444015444	0.8350515463917526	0.6734551617364116	2.381443298969072	1.4028436018957346	0.003989047014864865	9.329098546255506e-05	0.007882882882882882	0.3803088803088803	10.010309278350515	1.4930923314943934	3.630879345603272	2.335294117647059	0.4092664092664093	0.637136038186159	0.9543248776981136	0.7937892870493964	0.18725868725868725	0.9028359310533871	510	227	97
750455	de	5.227586206896552	1.8812664907651715	8.647703211718682	7.617680382130835	0.27440633245382584	0.05013192612137203	0.7110817941952506	0.005277044854881266	0.014511873350923483	0.8413793103448276	0.6954449003928169	2.356164383561644	1.570921985815603	0.0045919786018469655	5.882219710982658e-05	0.00541591445632551	0.4472295514511873	10.219178082191782	1.6238656700985468	3.5936443542934415	2.297029702970297	0.3232189973614776	0.6004097116843694	0.7021083998976723	0.8486276363013973	0.19656992084432717	0.8754036447369148	756	346	146
750415	de	6.3977272727272725	1.6642984014209592	6.543834773130957	4.599229307282416	0.23801065719360567	0.035523978685612786	0.7193605683836589	0.0	0.02486678507992895	0.9090909090909091	0.6950722967964348	2.5795454545454546	1.5435897435897437	0.004285744715452931	6.789408392857142e-05	0.008259325044404974	0.12788632326820604	12.147727272727273	1.539781809099991	3.4688090737240076	2.282758620689655	0.35346358792184723	0.5876077586206916	0.8835012256630188	0.9295049881891624	0.19538188277087035	0.8861981178449039	562	224	88
753241	de	5.445454545454545	1.8781302170283807	8.695663833662167	6.679737095158597	0.3038397328881469	0.03171953255425709	0.7095158597662772	0.008347245409015025	0.005008347245409015	0.8181818181818182	0.6490805830255368	2.5	1.5154185022026432	0.003977829349916528	9.744282271062271e-05	0.006789092932665553	0.3823038397328882	11.063636363636364	1.7002102190738555	3.372357723577236	2.3482587064676617	0.41402337228714525	0.6606399999999998	0.6780632134354825	0.904159784338203	0.19031719532554256	0.9036330669442462	590	273	110
1294999	de	5.3125	1.9126050420168068	9.050614495798321	7.67726680672269	0.3445378151260504	0.052100840336134456	0.719327731092437	0.005042016806722689	0.011764705882352941	0.7857142857142857	0.6542828542828544	2.544642857142857	1.609442060085837	0.0037060966010084035	9.677283776223776e-05	0.0074817023583626996	0.39327731092436974	10.348214285714286	1.6199563333491904	3.702542372881356	2.542222222222222	0.39327731092436974	0.6136088709677433	0.9170501094936578	0.9257368609087835	0.17647058823529413	0.8939627167910256	581	286	112
722743	de	5.145631067961165	1.7339622641509433	6.877550833485987	5.134840080600843	0.27547169811320754	0.04716981132075472	0.7113207547169811	0.009433962264150943	0.016981132075471698	0.8155339805825242	0.6760261797026497	2.378640776699029	1.5175879396984924	0.004702838136981132	8.039285e-05	0.006240928882438316	0.28867924528301886	9.805825242718447	1.5254881849542044	3.4814090019569472	2.3767123287671232	0.4339622641509434	0.6615081206496508	0.6550484606980964	0.9262460353603995	0.18490566037735848	0.9230564367446898	528	236	103
722751	de	5.532374100719425	1.684005201560468	6.4388872776941	5.283862104386712	0.247074122236671	0.02600780234070221	0.7139141742522757	0.009102730819245773	0.011703511053315995	0.8705035971223022	0.6758927264362043	2.4244604316546763	1.5	0.0045530179279583876	7.148948083832336e-05	0.005404746423927178	0.2977893368010403	10.266187050359711	1.5099100140467048	3.507042253521127	2.200956937799043	0.3472041612483745	0.630298507462686	0.7447689977004268	0.8867974258528011	0.19895968790637192	0.8857975538770568	762	334	139
1207943	de	5.402597402597403	1.7151442307692308	6.75571491008991	4.759600343406593	0.2608173076923077	0.036057692307692304	0.6935096153846154	0.007211538461538462	0.013221153846153846	0.7987012987012987	0.6929343532284709	2.391025641025641	1.5694444444444444	0.00475066871875	7.346212500000001e-05	0.005082417582417583	0.41225961538461536	9.923076923076923	1.543516704093627	3.622812702527544	2.420494699646643	0.32091346153846156	0.6187175989085942	0.7180891164518399	0.9261064072737089	0.18990384615384615	0.8955452301988284	823	336	156
725083	de	4.688741721854305	1.9096045197740112	8.771942604856513	7.069310723238673	0.2796610169491525	0.031073446327683617	0.7161016949152542	0.00423728813559322	0.005649717514124294	0.6754966887417219	0.6791560846560839	2.1324503311258276	1.4397163120567376	0.0040291504292372885	7.688949304635761e-05	0.0054206749122003356	0.5706214689265536	9.668874172185431	1.6734559406744838	3.5003431708991077	2.2777777777777777	0.3516949152542373	0.6144663382594404	0.6192441235448181	0.8259334112706972	0.22175141242937854	0.9003991366772297	691	302	151
801063	de	6.222222222222222	1.7599206349206349	7.6037301587301585	6.387557936507937	0.2757936507936508	0.03968253968253968	0.6607142857142857	0.005952380952380952	0.00992063492063492	0.8271604938271605	0.6554657495282494	2.7037037037037037	1.620879120879121	0.00499773702202381	5.2339239639639636e-05	0.008712905452035886	0.24404761904761904	12.839506172839506	1.6706143650588097	3.367209971236817	2.441717791411043	0.37103174603174605	0.5459012345679017	1.032142931136189	1.1958381717503477	0.2003968253968254	0.8861331899708875	500	222	81
722055	de	4.969230769230769	2.1207430340557276	11.372767801857588	8.064570554894022	0.3018575851393189	0.043343653250773995	0.7167182662538699	0.0030959752321981426	0.009287925696594427	0.7692307692307693	0.6636416770137696	2.1908396946564888	1.497991967871486	0.003862670028482972	8.207217872340426e-05	0.005379256965944273	0.4938080495356037	10.412213740458014	1.7279950541400924	3.6360347322720696	2.9940119760479043	0.4071207430340557	0.6272943327239479	0.8403495871539463	0.9029834053778483	0.1826625386996904	0.911334322216641	620	282	131
1204399	de	6.119402985074627	1.5865853658536586	5.518274481252277	3.7587251547142344	0.2646341463414634	0.01951219512195122	0.6573170731707317	0.00853658536585366	0.013414634146341463	0.8507462686567164	0.6946466649474164	2.544776119402985	1.6472602739726028	0.005014975789146342	5.558657020648968e-05	0.005691056910569106	0.3670731707317073	11.365671641791044	1.5547391870153064	3.46343085106383	2.219047619047619	0.30121951219512194	0.5705825242718459	0.6824533414203595	0.8229292162069871	0.1878048780487805	0.8689658324265405	815	339	134
768151	de	5.951724137931034	1.761297798377752	7.514486434650578	5.967845541215486	0.2630359212050985	0.0440324449594438	0.6848203939745076	0.0011587485515643105	0.006952491309385863	0.8896551724137931	0.6859923255756585	2.4551724137931035	1.572347266881029	0.004604687735689455	6.050795751978892e-05	0.005637155115718268	0.36616454229432216	11.462068965517242	1.682494689218827	3.5073529411764706	2.2238805970149254	0.3047508690614137	0.5921465968586391	0.6488192097946162	0.8343337533915843	0.2085747392815759	0.8727161184897819	861	379	145
723391	de	5.282051282051282	1.8932038834951457	8.80980582524272	7.153013343291015	0.2815533980582524	0.030744336569579287	0.7055016181229773	0.003236245954692557	0.012944983818770227	0.8205128205128205	0.6564568094740505	2.3	1.5619469026548674	0.0041972492255663435	4.7423195604395606e-05	0.007313915857605178	0.2783171521035599	11.533333333333333	1.7417987105487105	3.2492816091954024	2.3267605633802817	0.4029126213592233	0.6382466281310233	0.7273063129922113	0.8063660992175643	0.19093851132686085	0.9123842670552195	600	273	120
912037	de	4.9520547945205475	1.8644536652835408	8.341854620208796	6.591434460675646	0.3084370677731674	0.02627939142461964	0.7261410788381742	0.0013831258644536654	0.005532503457814661	0.7534246575342466	0.616931134000099	2.171232876712329	1.4135593220338982	0.004242928136791148	6.237376860465116e-05	0.005142391034507218	0.39557399723374825	10.102739726027398	1.7325906779673903	3.4237288135593222	2.329842931937173	0.3831258644536653	0.6031089743589747	0.7379027636502941	0.8825141555000797	0.1991701244813278	0.9045587862882011	721	344	146
1104695	de	5.550387596899225	1.6410614525139664	5.939176302455504	4.407535979385908	0.2360335195530726	0.01675977653631285	0.7402234636871509	0.006983240223463687	0.029329608938547486	0.8449612403100775	0.683005189255189	2.1538461538461537	1.4880952380952381	0.0043174063195530726	7.440308514851485e-05	0.004975558659217877	0.3952513966480447	10.546153846153846	1.5942444496177528	3.5047759000734753	2.2546296296296298	0.35614525139664804	0.629870340356564	0.691517960650959	0.9088807815632709	0.2011173184357542	0.9019132972981877	714	303	130
1158161	de	5.653846153846154	1.6819727891156462	6.462278911564628	5.257006750392466	0.2568027210884354	0.034013605442176874	0.7108843537414966	0.003401360544217687	0.022108843537414966	0.8557692307692307	0.6814945572227123	2.3714285714285714	1.52803738317757	0.004252578283333333	5.26139e-05	0.006744076941121276	0.30952380952380953	10.838095238095239	1.5552406309925106	3.3761061946902653	2.2857142857142856	0.37244897959183676	0.5917382413087939	0.893148242035083	0.9546419330607997	0.21428571428571427	0.8975100761348644	586	254	105
1246091	de	5.096	1.7315541601255886	6.829779089481946	5.446109284772371	0.32339089481946626	0.03767660910518053	0.6844583987441131	0.004709576138147566	0.01098901098901099	0.776	0.6819770283479961	2.32	1.5720164609053497	0.004279789823233909	6.121923161512027e-05	0.005926216640502355	0.5510204081632653	9.952	1.5886189627366099	3.42080378250591	2.39906103286385	0.37676609105180536	0.6374721189591077	0.61002391697628	0.8136929639438625	0.1978021978021978	0.8889719269308816	627	291	125
786353	de	6.014388489208633	1.7535885167464116	7.447956008399025	4.946706233864583	0.2822966507177033	0.025119617224880382	0.6734449760765551	0.007177033492822967	0.013157894736842105	0.841726618705036	0.6575098045366584	2.762589928057554	1.5559105431309903	0.004483231330382775	5.6917928613569324e-05	0.0065608235464694785	0.3576555023923445	11.928057553956835	1.6294387540601096	3.442822384428224	2.358267716535433	0.29066985645933013	0.5483175033921297	0.6410429206886116	0.7434102938484449	0.19736842105263158	0.854228227032812	825	339	139
912069	de	5.5546875	1.9437412095639943	9.512474397855133	7.353110838607597	0.2742616033755274	0.04360056258790436	0.739803094233474	0.0	0.02812939521800281	0.8046875	0.6651083387303858	2.3333333333333335	1.5075757575757576	0.004809020588326301	9.058901920731708e-05	0.0069281658592488405	0.26441631504922647	10.511627906976743	1.5223464203628363	3.814652014652015	2.399103139013453	0.3670886075949367	0.6272875816993463	0.7921867501117515	0.9677223604999806	0.2109704641350211	0.8935158938833603	709	328	129
722071	de	5.173076923076923	1.8327137546468402	8.053522304832715	7.146741435516157	0.275092936802974	0.048327137546468404	0.6802973977695167	0.0	0.01858736059479554	0.9038461538461539	0.6615715983363043	2.2884615384615383	1.58	0.005111115408550186	6.356947073170732e-05	0.01486988847583643	0.10037174721189591	9.692307692307692	1.491017422748192	3.6527777777777777	2.287878787878788	0.483271375464684	0.6019411764705885	-1	-1	0.20817843866171004	0.9026681234695787	269	123	52
750365	de	5.571428571428571	1.7008547008547008	6.6529426129426135	4.902760805860805	0.23717948717948717	0.04487179487179487	0.7222222222222222	0.002136752136752137	0.014957264957264958	0.8928571428571429	0.664507597489525	2.4285714285714284	1.572289156626506	0.0037541535615384617	5.522752205128206e-05	0.007667169431875316	0.14743589743589744	10.428571428571429	1.4499101618932446	3.6562860438292963	2.3469387755102042	0.43162393162393164	0.6270189701897015	-1	-1	0.19658119658119658	0.9216409655238776	466	195	84
722949	de	5.742857142857143	1.8532338308457712	8.517873489694388	6.9770713859275055	0.25870646766169153	0.04228855721393035	0.6940298507462687	0.004975124378109453	0.007462686567164179	0.8285714285714286	0.690366477322999	2.442857142857143	1.5422535211267605	0.004431553624626865	6.240316728395061e-05	0.009657594381035996	0.1890547263681592	12.6	1.7866107096746195	3.3454545454545452	2.4517543859649122	0.42039800995024873	0.6308910891089113	-1	-1	0.2064676616915423	0.9128851019445576	386	162	70
775271	de	6.767676767676767	1.7402985074626867	7.584916327453644	5.98301824212272	0.29850746268656714	0.04328358208955224	0.6582089552238806	0.0	0.005970149253731343	0.8484848484848485	0.6650466880058719	2.77	1.6336206896551724	0.004565337992985074	6.720991739130435e-05	0.007565620174987133	0.34776119402985073	12.98	1.7009577644577645	3.591931730023274	2.3219178082191783	0.3238805970149254	0.5822767075306481	0.6969403432721768	0.7769940980902401	0.16417910447761194	0.8706067460129163	668	299	100
1321837	de	6.087837837837838	1.7380688124306327	7.2934687434382255	5.312664510903801	0.27192008879023305	0.03662597114317425	0.709211986681465	0.00776914539400666	0.00776914539400666	0.8716216216216216	0.7436572195755866	2.61744966442953	1.4773413897280967	0.0041167101533851275	5.9259831607629435e-05	0.004000184979652238	0.6970033296337403	11.651006711409396	1.6887999516875933	3.526407428903076	2.3016528925619837	0.34295227524972255	0.6433167082294281	0.7430097069142821	0.8410330310750885	0.19644839067702552	0.901385912684079	897	367	149
929377	de	5.8106060606060606	1.7444589308996088	7.260751748251749	5.29855419382877	0.2737940026075619	0.024771838331160364	0.6701434159061278	0.01303780964797914	0.01694915254237288	0.8560606060606061	0.6976617741884915	2.696969696969697	1.5871212121212122	0.004380809199087354	8.524299528301888e-05	0.0062744458930899605	0.4106910039113429	10.969696969696969	1.5568810818810819	3.6443514644351462	2.317269076305221	0.3194263363754889	0.6032934131736519	0.7933349161616654	0.8940717259467286	0.21642764015645372	0.8672627058998857	757	318	132
1235615	de	5.636363636363637	2.03584229390681	10.63112088628218	8.022668817204302	0.2885304659498208	0.035842293906810034	0.6971326164874552	0.0035842293906810036	0.0035842293906810036	0.8080808080808081	0.7154257024154981	2.474747474747475	1.5416666666666667	0.0048392033992831545	5.5506449402390444e-05	0.006328405017921147	0.34408602150537637	12.303030303030303	1.8188497018265288	3.3858202802967847	2.475113122171946	0.37992831541218636	0.6208714596949894	0.8582151036869623	0.8636665871880806	0.22043010752688172	0.8930442422528436	547	251	99
761823	de	6.278350515463917	1.825944170771757	8.40469791613766	6.7290587611937775	0.30377668308702793	0.03940886699507389	0.6732348111658456	0.0049261083743842365	0.014778325123152709	0.8865979381443299	0.6456983699171199	2.536082474226804	1.617117117117117	0.004289773416584565	7.836145241635688e-05	0.007897411838298537	0.1592775041050903	11.8659793814433	1.6256723676902574	3.5515151515151517	2.403314917127072	0.4088669950738916	0.631137254901962	0.9168946278247816	0.9478448272983998	0.1724137931034483	0.9158585013134168	604	269	97
1185773	de	5.805084745762712	1.9562043795620438	9.757194729679576	7.204690461462329	0.3021897810218978	0.032116788321167884	0.7051094890510949	0.00291970802919708	0.010218978102189781	0.9152542372881356	0.6482678527550323	2.4166666666666665	1.5675675675675675	0.004497990881021898	6.965156666666666e-05	0.005985401459854014	0.6598540145985401	12.158333333333333	1.6990558284308286	3.4242424242424243	2.314410480349345	0.3562043795620438	0.6377133105802049	0.7561624841337121	0.9025380167109116	0.19124087591240876	0.8805181291405151	680	339	120
722625	de	4.452991452991453	2.0460652591170825	10.290236724248242	7.937256101842284	0.29942418426103645	0.04222648752399232	0.7063339731285988	0.0	0.015355086372360844	0.6752136752136753	0.5937157909140667	2.034188034188034	1.5940594059405941	0.0042406036059500956	4.726587637130802e-05	0.007154074332577211	0.5431861804222649	10.179487179487179	1.7885799385799386	3.312344656172328	2.478114478114478	0.3685220729366603	0.6070142180094794	1.008554637516055	0.8424098901646444	0.2092130518234165	0.8815341165220578	508	237	117
1177087	de	5.814285714285714	1.7506142506142506	7.334819585819588	5.285821790101792	0.2542997542997543	0.028255528255528257	0.7272727272727273	0.019656019656019656	0.011056511056511056	0.8214285714285714	0.6799956215318043	2.486111111111111	1.5098039215686274	0.004284454204545454	7.406623451327434e-05	0.005435187253369071	0.42874692874692877	10.895833333333334	1.562027437885281	3.463878326996198	2.2804878048780486	0.343980343980344	0.6353566433566432	0.795893300763278	0.8498739364647925	0.22235872235872237	0.8913417018842323	812	339	144
936207	de	5.0588235294117645	1.7713178294573644	7.2844915640674905	5.6722306429548555	0.24289405684754523	0.02454780361757106	0.7428940568475452	0.003875968992248062	0.028423772609819122	0.7843137254901961	0.6946663533834587	2.150326797385621	1.4754716981132074	0.004026077800645994	7.210302886904763e-05	0.005418021171959657	0.2971576227390181	10.0	1.6153068064832772	3.6156373193166886	2.3260869565217392	0.35917312661498707	0.6112148148148161	0.724362178633272	0.9029302928088876	0.2157622739018088	0.9001791127648096	773	336	153
956433	de	5.28	1.7413419913419914	7.017035497835501	4.932891757575758	0.25216450216450215	0.0367965367965368	0.7186147186147186	0.008658008658008658	0.00974025974025974	0.7657142857142857	0.6712437307264889	2.3657142857142857	1.4798850574712643	0.004580948330411256	9.443058257372654e-05	0.004523254523254524	0.4329004329004329	9.662857142857144	1.48516489859347	3.6708259061200237	2.25177304964539	0.33874458874458874	0.6093333333333328	0.770965292729129	0.9577826175471656	0.20238095238095238	0.8989174172683824	915	373	175
769771	de	6.0	1.8202614379084967	8.229084967320262	6.122971241830065	0.2777777777777778	0.042483660130718956	0.6699346405228758	0.0	0.014705882352941176	0.9019607843137255	0.6843630791650592	2.5294117647058822	1.5675675675675675	0.005154229798856209	7.261541598513011e-05	0.00701033101412608	0.40032679738562094	11.53921568627451	1.602858674549851	3.6229648671808055	2.3066666666666666	0.3382352941176471	0.5828654970760251	0.6588929480774715	0.8563266137618745	0.20261437908496732	0.8754410134199769	610	269	102
912065	de	5.333333333333333	1.8059701492537314	7.800447761194032	5.579634452736318	0.22574626865671643	0.028917910447761194	0.7276119402985075	0.013992537313432836	0.013059701492537313	0.7960199004975125	0.6906706904206905	2.1715686274509802	1.4634760705289673	0.0040333436350373135	9.661757388235295e-05	0.0037313432835820895	0.4216417910447761	9.509803921568627	1.4514375546598728	3.8120805369127515	2.319371727748691	0.314365671641791	0.6083967112024669	0.7173967096498285	0.9152791129288367	0.20615671641791045	0.8978258336732217	1053	425	204
761557	de	5.392156862745098	1.7951515151515152	7.695729055258468	5.555041354723709	0.2593939393939394	0.044848484848484846	0.7454545454545455	0.01090909090909091	0.012121212121212121	0.8235294117647058	0.6703249966407858	2.324675324675325	1.4917491749174918	0.003785949667757576	6.323381002710027e-05	0.004579124579124579	0.5818181818181818	10.5	1.5565496282217062	3.5379825653798256	2.377431906614786	0.36484848484848487	0.6419972451790635	0.6741471168119106	0.8732095248308149	0.18303030303030304	0.9093999897803471	822	369	154
1415109	de	5.686746987951807	1.7139830508474576	6.8528313253012065	4.549955452317747	0.2733050847457627	0.045550847457627115	0.6875	0.005296610169491525	0.006355932203389831	0.8132530120481928	0.7068440818440813	2.3373493975903616	1.6156156156156156	0.004941206223622882	5.455644953917051e-05	0.004868373602596466	0.4629237288135593	11.367469879518072	1.7423526858014808	3.3717811158798283	2.2311111111111113	0.2944915254237288	0.5675029585798826	0.6081710424448369	0.6916501762916462	0.19279661016949154	0.8569024412477259	938	434	166
769749	de	5.241666666666666	1.7472178060413355	7.071420111287761	6.01639871754107	0.28298887122416533	0.028616852146263912	0.6756756756756757	0.001589825119236884	0.011128775834658187	0.7416666666666667	0.6608576764038948	2.2479338842975207	1.5903083700440528	0.004179109126073132	5.477787773972602e-05	0.007885532591414945	0.2591414944356121	9.760330578512397	1.4857309791846547	3.5287739783152627	2.301507537688442	0.3640699523052464	0.5887547169811315	0.6339481287836686	0.8623928177613899	0.20508744038155802	0.8918116249825889	626	292	121
753269	de	5.375	1.9174418604651162	9.132063953488373	7.594188372093024	0.2837209302325581	0.022093023255813953	0.7232558139534884	0.0011627906976744186	0.00813953488372093	0.83125	0.6847567526812806	2.25	1.4774774774774775	0.004665923037674419	4.769292487309645e-05	0.004948620876149269	0.6651162790697674	11.35	1.7507397035154386	3.373076923076923	2.377551020408163	0.35232558139534886	0.6623258869908013	0.7692515014037917	0.8800248003740868	0.2058139534883721	0.8931098860673059	852	394	160
749003	de	5.36	1.819402985074627	7.969355223880598	5.960997970149255	0.2656716417910448	0.03880597014925373	0.7149253731343284	0.0014925373134328358	0.016417910447761194	0.76	0.6798826397616717	2.44	1.4338842975206612	0.003688601377910448	6.230812307692307e-05	0.004870384917517675	0.5283582089552239	9.952	1.4901417366946779	3.59709911361805	2.3142857142857145	0.3761194029850746	0.6472504378283707	0.8301613449844132	0.8874871018321697	0.18208955223880596	0.913153014833461	669	286	125
722027	de	5.9655172413793105	1.8535645472061657	8.608613381170688	6.253532748654574	0.279383429672447	0.030828516377649325	0.6763005780346821	0.0038535645472061657	0.0019267822736030828	0.8850574712643678	0.6743996636438497	2.4942528735632186	1.4947368421052631	0.004421747047398844	7.575477217391305e-05	0.008407777193904361	0.28516377649325625	12.068965517241379	1.6417333305264339	3.4452975047984644	2.331168831168831	0.4046242774566474	0.6535238095238084	0.9765848367773452	0.9808512827216274	0.1811175337186898	0.9047276890123803	514	230	87
888577	de	5.743589743589744	1.8526785714285714	8.511607142857141	6.351209901556777	0.29799107142857145	0.03459821428571429	0.6875	0.002232142857142857	0.008928571428571428	0.8589743589743589	0.720983568402923	2.4166666666666665	1.523391812865497	0.004510808021986607	6.727316512195122e-05	0.00402170566502463	0.7823660714285714	11.39102564102564	1.8113027495380436	3.5356125356125356	2.4133858267716537	0.31919642857142855	0.5843538268506902	0.7377652204766838	0.9096300832557754	0.203125	0.879010785509414	889	410	156
722797	de	6.085714285714285	1.84037558685446	8.499860496311204	6.498047860496312	0.2511737089201878	0.04225352112676056	0.6924882629107981	0.0	0.007042253521126761	0.9428571428571428	0.6909838551142897	2.5428571428571427	1.6369863013698631	0.0037983066291079814	5.228025698324022e-05	0.0075312989045383414	0.30985915492957744	13.114285714285714	1.7665455342976353	3.3201754385964914	2.3467336683417086	0.39906103286384975	0.6284097859327201	-1	-1	0.20422535211267606	0.8953239787779048	413	179	70
769829	de	6.135593220338983	1.8466850828729282	8.593765333832756	6.370097705777694	0.27486187845303867	0.03591160220994475	0.6712707182320442	0.006906077348066298	0.008287292817679558	0.8813559322033898	0.6879171872761617	2.559322033898305	1.6181102362204725	0.004809056947099447	6.0689340752351094e-05	0.006134221644458889	0.39226519337016574	12.194915254237289	1.6021648314021195	3.5070521861777153	2.251231527093596	0.34392265193370164	0.6109120000000001	0.6412208486132794	0.7950942723657775	0.2085635359116022	0.8845962496127381	718	319	118
723243	de	5.066666666666666	1.9371345029239766	9.244187134502923	7.051488771929823	0.28362573099415206	0.039473684210526314	0.672514619883041	0.0029239766081871343	0.013157894736842105	0.7555555555555555	0.6507403458895991	2.301470588235294	1.6791666666666667	0.004727546663111258	9.846576935483871e-05	0.006130918694585927	0.35233918128654973	10.117647058823529	1.5770870469399882	3.621720116618076	2.3781512605042017	0.391812865497076	0.6330940170940181	0.8221092994837452	0.8829775994887156	0.20760233918128654	0.9062026523312865	678	310	136
1164533	de	5.975409836065574	1.6927297668038408	6.714621084350895	3.858766165193731	0.262002743484225	0.05761316872427984	0.7119341563786008	0.0	0.010973936899862825	0.8770491803278688	0.6873743565892323	2.6991869918699187	1.6150943396226416	0.004543649966803841	6.901547245508982e-05	0.006574901849486779	0.25925925925925924	10.723577235772357	1.463179785435883	3.580275229357798	2.336683417085427	0.3388203017832647	0.5861904761904768	0.8215091295595831	0.9167837394438716	0.19890260631001372	0.8847941501878606	727	334	123
723303	de	5.196261682242991	1.8237410071942446	7.956685940966853	5.506440852551604	0.25359712230215825	0.03237410071942446	0.7212230215827338	0.007194244604316547	0.01079136690647482	0.794392523364486	0.7179684309401286	2.2616822429906542	1.4830917874396135	0.003943178632733813	5.867960551181102e-05	0.00839328537170264	0.18345323741007194	10.25233644859813	1.6743404181488293	3.5590118938700823	2.3789473684210525	0.3830935251798561	0.6253172866520772	0.6966866677332776	0.9481083070771208	0.22302158273381295	0.8858549153615705	556	254	107
773355	de	5.840764331210191	1.8047982551799346	7.984517500295205	5.626090518097646	0.2780806979280262	0.029443838604143947	0.7022900763358778	0.014176663031624863	0.008724100327153763	0.8853503184713376	0.7257510829626214	2.554140127388535	1.5952380952380953	0.0044085603413631415	6.328460558510638e-05	0.004970708325936446	0.5812431842966194	11.789808917197453	1.658980280158624	3.4562363238512037	2.3374613003095974	0.3107960741548528	0.6076161369193139	0.6153342316657806	0.7574562799586355	0.19629225736095965	0.8738857659419055	894	376	157
1098199	de	5.327586206896552	1.9951456310679612	10.030477067291596	8.103037785961389	0.2993527508090615	0.032362459546925564	0.7135922330097088	0.011326860841423949	0.012944983818770227	0.8362068965517241	0.7061609887696845	2.4017094017094016	1.5964125560538116	0.0037429833962783175	7.081668246268656e-05	0.006927588996763754	0.4336569579288026	11.051282051282051	1.7236357896614307	3.4492641363284275	2.453333333333333	0.3818770226537217	0.6313487475915233	0.8073273147886857	1.022997020734415	0.18770226537216828	0.9009058007059418	600	268	117
1381451	de	5.59433962264151	1.8583473861720068	8.520291609659868	6.376208323522861	0.28499156829679595	0.0387858347386172	0.7099494097807757	0.00505902192242833	0.0016863406408094434	0.8962264150943396	0.705157012299869	2.4056603773584904	1.5021645021645023	0.004552462163237774	7.662465703125e-05	0.006582168307675569	0.47217537942664417	11.358490566037736	1.5854589675468522	3.4704412989175686	2.3779904306220097	0.3608768971332209	0.6131376518218632	0.7889389895219618	0.8787994779045449	0.19224283305227655	0.884601949631354	584	256	106
725139	de	5.0	1.7899159663865547	7.481008403361347	6.174882352941178	0.31092436974789917	0.058823529411764705	0.6773109243697479	0.0	0.013445378151260505	0.7899159663865546	0.6156247707095163	2.2439024390243905	1.699530516431925	0.004401247915462185	8.366338938356164e-05	0.006417112299465242	0.41680672268907565	9.536585365853659	1.560254402327573	3.4090150250417364	2.2674418604651163	0.3865546218487395	0.6243951612903225	0.7647932668483347	0.8931945272526385	0.18823529411764706	0.895125020738801	593	292	123
768147	de	5.40625	1.8395953757225434	8.225662933526014	6.1707024566473985	0.2947976878612717	0.059248554913294796	0.7153179190751445	0.005780346820809248	0.014450867052023121	0.828125	0.7068034109372686	2.4	1.5492424242424243	0.004068680030924855	6.656003899371069e-05	0.006349623401646522	0.5679190751445087	10.723076923076922	1.5951738457620812	3.433143669985775	2.468864468864469	0.37716763005780346	0.6584822934232708	0.6208178931123519	0.7886333626619876	0.18786127167630057	0.8963450047249522	678	318	130
800055	de	5.0606060606060606	1.720059880239521	6.6803429504627125	4.753678243512974	0.2934131736526946	0.04640718562874251	0.6751497005988024	0.0029940119760479044	0.014970059880239521	0.7575757575757576	0.6729379399226726	2.2	1.6680161943319838	0.005149712689670658	7.488871016949152e-05	0.006374348078037473	0.3068862275449102	9.162962962962963	1.462527783024859	3.628112449799197	2.25390625	0.35179640718562877	0.5620738137082607	0.7062934397542299	0.8091628544486126	0.16467065868263472	0.9030808321201694	664	295	135
769817	de	5.4144736842105265	1.7266099635479952	6.895642306708449	5.623641433778859	0.27460510328068044	0.038882138517618466	0.7144592952612394	0.002430133657351154	0.0036452004860267314	0.8092105263157895	0.6826254870956853	2.2302631578947367	1.4548286604361371	0.004081930224787363	5.4750040431266844e-05	0.005194410692588092	0.488456865127582	10.625	1.7217038809144072	3.427148194271482	2.2083333333333335	0.3183475091130012	0.6048204419889492	0.6244995349195903	0.830883227443281	0.21628189550425272	0.8796194977801763	819	371	152
782577	de	6.161290322580645	1.9162303664921465	9.424421550413783	7.774364949614368	0.2931937172774869	0.04013961605584642	0.7068062827225131	0.0017452006980802793	0.013961605584642234	0.9247311827956989	0.6067538741451786	2.5913978494623655	1.5022831050228311	0.0044145875729493895	5.92317921641791e-05	0.008167539267015706	0.27225130890052357	11.612903225806452	1.4840899840899842	3.8518173345759554	2.3798882681564244	0.38045375218150085	0.5886286919831227	0.8365804218922938	1.0513127330086305	0.2111692844677138	0.8950023177282093	571	268	93
1259987	de	5.360902255639098	1.8008415147265078	7.7506817534720405	6.39612546583851	0.2805049088359046	0.04488078541374474	0.7223001402524544	0.001402524544179523	0.012622720897615708	0.8646616541353384	0.663632201132201	2.43609022556391	1.4945054945054945	0.0044498438983169705	7.20609444117647e-05	0.005486346011055193	0.3856942496493689	10.225563909774436	1.5295722239331262	3.491911764705882	2.3518518518518516	0.3702664796633941	0.6178990228013033	0.7365596557549493	0.8863948427300551	0.21037868162692847	0.8946619336872528	706	340	133
769847	de	4.885542168674699	1.972872996300863	9.59526280213332	7.221209136422386	0.31812577065351416	0.0345252774352651	0.6855733662145499	0.004932182490752158	0.004932182490752158	0.7168674698795181	0.6076866820048635	2.2934131736526946	1.464705882352941	0.0044653285192355115	7.374060762711865e-05	0.005425400739827374	0.4254007398273736	10.323353293413174	1.7466729378406025	3.3968983342906376	2.462328767123288	0.34155363748458695	0.5921348314606736	0.743605721235988	0.8509098982325424	0.18372379778051787	0.8885111512998228	799	354	167
722837	de	6.121951219512195	1.798804780876494	8.023457389952387	5.681737654261005	0.23904382470119523	0.049800796812749	0.7131474103585658	0.0	0.021912350597609563	0.9146341463414634	0.6605125327347549	2.4390243902439024	1.5738636363636365	0.004643476008565736	8.123011535087719e-05	0.00890555425357394	0.10956175298804781	11.426829268292684	1.7559239302065701	3.7027027027027026	2.2956521739130435	0.40039840637450197	0.6070223325062042	0.904937268123351	0.8880419424136469	0.199203187250996	0.900725329060238	501	228	82
953305	de	5.93125	1.7239199157007377	7.065442505268706	5.1769052107481555	0.2950474183350896	0.03371970495258166	0.6828240252897787	0.003161222339304531	0.02107481559536354	0.825	0.677620998847414	2.58125	1.5502958579881656	0.0045119916180189675	5.934406023809524e-05	0.005602816829011282	0.48472075869336145	10.5875	1.5360760869032928	3.69185360094451	2.337448559670782	0.291886195995785	0.5933058823529421	0.6309157389134336	0.8224748677010626	0.21180189673340358	0.8669240310434737	947	420	160
722047	de	4.479166666666667	1.7976744186046512	7.369433139534884	6.969544573643411	0.34186046511627904	0.05116279069767442	0.6790697674418604	0.0	0.011627906976744186	0.7395833333333334	0.6623716342137393	2.1752577319587627	1.592814371257485	0.003796955364651163	5.776036872037915e-05	0.007973421926910298	0.29534883720930233	9.206185567010309	1.6468843298740206	3.351203501094092	2.460431654676259	0.45813953488372094	0.647371601208458	-1	1.0983932472445657	0.1697674418604651	0.9206622377258199	427	211	97
753253	de	5.84375	1.7005347593582887	6.755372660427806	5.304606194295902	0.27450980392156865	0.035650623885918005	0.6506238859180036	0.0017825311942959	0.0035650623885918	0.8645833333333334	0.646029467608415	2.5416666666666665	1.675257731958763	0.004484731401960785	6.005907765151515e-05	0.00781571369806664	0.32976827094474154	11.729166666666666	1.6169587889571442	3.4293381037567086	2.3255813953488373	0.37967914438502676	0.6103679653679669	0.8821655695694706	0.9263769807294824	0.20320855614973263	0.8925357190962118	558	264	96
953249	de	5.6454545454545455	2.0209339774557167	10.45874820670473	7.518855587761676	0.2785829307568438	0.028985507246376812	0.6731078904991948	0.00644122383252818	0.00644122383252818	0.8181818181818182	0.6301408581225092	2.5636363636363635	1.5793991416309012	0.004003453690338164	5.9371834050179214e-05	0.006856786660433224	0.4170692431561997	11.745454545454546	1.6990019353789407	3.4984779299847792	2.435374149659864	0.35104669887278583	0.5971072796934881	0.6447774868108004	0.8045467119143586	0.18357487922705315	0.8837766958945547	605	279	110
722601	de	6.0212765957446805	1.971731448763251	10.024728967746785	7.45401893090745	0.26501766784452296	0.026501766784452298	0.6713780918727915	0.0035335689045936395	0.012367491166077738	0.8936170212765957	0.6651716861394282	2.5319148936170213	1.6230366492146597	0.004711275695936396	6.532630255319149e-05	0.006562342251388188	0.3674911660777385	12.936170212765957	1.7408715102864039	3.4129353233830844	2.3588235294117648	0.4169611307420495	0.671970021413275	0.8313611214678029	0.9311443115865039	0.21201413427561838	0.9064350906414793	560	235	94
723315	de	4.47008547008547	1.8776290630975143	8.309356277884003	5.9559738164109115	0.3078393881453155	0.032504780114722756	0.6978967495219885	0.0038240917782026767	0.0038240917782026767	0.7008547008547008	0.6327713713489576	2.2542372881355934	1.4532710280373833	0.0035737566713193118	0.00011842017	0.007931449614049995	0.4168260038240918	8.90677966101695	1.6407565363073837	3.5461393596986817	2.436046511627907	0.39579349904397704	0.6228301886792457	0.7224395089981845	0.795278609900935	0.18738049713193117	0.8950833877079685	517	230	118
750505	de	5.3881578947368425	1.835164835164835	8.166326633892425	6.861003785103787	0.2796092796092796	0.045177045177045176	0.7374847374847375	0.002442002442002442	0.015873015873015872	0.8157894736842105	0.745450722934166	2.25	1.5116279069767442	0.004873423237606838	6.175531260053619e-05	0.00528000528000528	0.4053724053724054	10.072368421052632	1.6178741397491399	3.748518762343647	2.3510204081632655	0.32967032967032966	0.617527777777777	0.7893417032608244	0.8610708669571498	0.20146520146520147	0.8869718605132574	817	373	152
722649	de	5.538461538461538	1.8503086419753085	8.403641975308641	5.980243732193732	0.29475308641975306	0.044753086419753084	0.6929012345679012	0.006172839506172839	0.010802469135802469	0.811965811965812	0.6322709857192618	2.5	1.5909090909090908	0.004496313708641975	5.5202379285714284e-05	0.006532921810699588	0.2932098765432099	11.101694915254237	1.6585475847128388	3.400303260045489	2.3497536945812807	0.3765432098765432	0.6135336976320579	0.8798986507818997	1.0757415055547874	0.1697530864197531	0.9006855930129724	641	280	118
906277	de	5.914529914529915	1.7658959537572254	7.554238921001929	5.046105933501311	0.26445086705202314	0.0476878612716763	0.7008670520231214	0.015895953757225433	0.008670520231213872	0.8547008547008547	0.6957089366572123	2.623931623931624	1.5691056910569106	0.004445894286416186	7.071719379310345e-05	0.007836816362827924	0.25	11.384615384615385	1.6290547296957554	3.6741911211437173	2.450980392156863	0.31358381502890176	0.5812816188870163	0.7323872284623606	0.9840087888053984	0.17485549132947978	0.8611824461420258	686	290	117
1162837	de	4.993377483443709	1.9840848806366047	9.769618810054983	8.477452396929401	0.29708222811671087	0.0636604774535809	0.7586206896551724	0.011936339522546418	0.010610079575596816	0.7417218543046358	0.6799913419913419	2.1842105263157894	1.5487364620938628	0.0028919056387267904	6.982102767624021e-05	0.00537672951466055	0.5450928381962865	10.342105263157896	1.623412574912188	3.494066208619613	2.3941368078175898	0.41644562334217505	0.7044274809160312	0.9925330643443505	0.9677779216991595	0.17374005305039789	0.9021426445510916	743	383	152
753607	de	5.275	1.7618483412322274	7.257060426540285	5.026885213270143	0.2677725118483412	0.04265402843601896	0.6966824644549763	0.0035545023696682463	0.014218009478672985	0.8	0.7270528737509863	2.298136645962733	1.535031847133758	0.004454643718127962	6.261034213649852e-05	0.004546456519343107	0.4928909952606635	10.987577639751553	1.7062232798257644	3.294516676088185	2.2	0.3412322274881517	0.6110201342281875	0.7597925038084984	0.8393152550288762	0.19549763033175355	0.9015376816705976	821	337	161
750471	de	5.408	1.7307692307692308	6.942196923076924	5.08232410887574	0.2455621301775148	0.05621301775147929	0.7159763313609467	0.0014792899408284023	0.01775147928994083	0.8	0.6855852033271383	2.365079365079365	1.5772357723577235	0.004626945956508876	8.151738402777777e-05	0.005356049785758008	0.3520710059171598	9.912698412698413	1.532100747576938	3.5808764940239044	2.406417112299465	0.3520710059171598	0.6241941074523395	0.6378463083452074	0.7406342250568478	0.1804733727810651	0.89398381831996	674	288	126
1151463	de	4.826315789473684	1.7306434023991275	6.713855306204444	4.585733173391494	0.31842966194111233	0.028353326063249727	0.7208287895310797	0.010905125408942203	0.009814612868047983	0.7368421052631579	0.6890171997314852	2.4	1.4166666666666667	0.003923699616139586	5.524930460829493e-05	0.004575876151987513	0.8233369683751364	9.526315789473685	1.5894993164730007	3.4108019639934533	2.4483870967741934	0.35659760087241005	0.659339853300733	0.7143095272862796	0.9311840158348766	0.1777535441657579	0.8932834243220309	911	434	190
1151345	de	5.796407185628743	1.8171487603305785	8.11295417429604	6.517991926065227	0.2892561983471074	0.03202479338842975	0.6931818181818182	0.0	0.014462809917355372	0.844311377245509	0.6759840728214218	2.5714285714285716	1.525	0.003506291840909091	5.555729054054054e-05	0.00425872828470231	0.5092975206611571	11.339285714285714	1.5770574367848804	3.491024287222809	2.298507462686567	0.3305785123966942	0.6231645569620239	0.6696243519808439	0.9027817702950275	0.19318181818181818	0.8899452341385717	965	444	168
1101701	de	5.675	1.8854625550660793	8.871708149779735	6.811866607929515	0.2720264317180617	0.023127753303964757	0.7147577092511013	0.0022026431718061676	0.007709251101321586	0.84375	0.7109760260703653	2.4125	1.5195195195195195	0.004178067362995594	6.126379741602068e-05	0.004530436523828595	0.5925110132158591	12.4	1.7607328756823244	3.3309426229508197	2.3275	0.3447136563876652	0.6319530284301609	0.7265738696972056	0.9060945723088797	0.1883259911894273	0.8982001802819993	889	387	160
1115363	de	5.839285714285714	1.8919469928644241	9.012295944371637	6.4210227610310175	0.291539245667686	0.0326197757390418	0.6839959225280327	0.0050968399592252805	0.012232415902140673	0.7916666666666666	0.687357560935405	2.4345238095238093	1.5481283422459893	0.004782035441182467	5.686725995085995e-05	0.004497211728728189	0.6218144750254841	12.214285714285714	1.7124986190188258	3.4496314496314495	2.401209677419355	0.291539245667686	0.5767460317460311	0.7104234677318878	0.8332549466981268	0.2089704383282365	0.8732213683847458	942	407	168
1118963	de	6.122641509433962	1.8551617873651771	8.688739279588336	6.515223379945924	0.22650231124807396	0.05855161787365177	0.7519260400616333	0.007704160246533128	0.01848998459167951	0.8584905660377359	0.7151131582146616	2.5377358490566038	1.5663716814159292	0.004181338790446841	7.985946180555556e-05	0.005842321520287622	0.2727272727272727	11.433962264150944	1.4684132712915567	3.706362153344209	2.4140969162995596	0.3790446841294299	0.6535272727272734	0.5863102740991227	0.8208505638645132	0.1926040061633282	0.9005654278734734	642	288	106
750407	de	5.898148148148148	1.967032967032967	9.92126678876679	7.347245723588582	0.28728414442700156	0.03924646781789639	0.6687598116169545	0.0	0.015698587127158554	0.9074074074074074	0.7127604223398611	2.6018518518518516	1.592920353982301	0.004471834880062794	7.274760833333333e-05	0.006475667189952905	0.5102040816326531	12.194444444444445	1.6646450302904552	3.548780487804878	2.529850746268657	0.3673469387755102	0.6531040892193316	0.869229073249418	0.9742123178899756	0.1946624803767661	0.8974160655666503	620	264	108
1234043	de	5.288659793814433	1.7485380116959064	7.1053258575993254	5.02713916119049	0.29239766081871343	0.031189083820662766	0.672514619883041	0.003898635477582846	0.011695906432748537	0.8041237113402062	0.6428647741147739	2.443298969072165	1.6205128205128205	0.004797851451461988	6.61534547826087e-05	0.007147498375568551	0.3313840155945419	9.525773195876289	1.4158743032454373	3.6843243243243244	2.3836477987421385	0.40350877192982454	0.6159420289855072	1.0045623964339176	0.8641595540163011	0.20272904483430798	0.8950833877079685	506	230	97
725051	de	5.516129032258065	1.8362573099415205	8.22912657989059	6.691058957429417	0.25925925925925924	0.05458089668615984	0.6686159844054581	0.003898635477582846	0.023391812865497075	0.8387096774193549	0.7063146997929605	2.3085106382978724	1.6853932584269662	0.004706438644444444	7.268734326923077e-05	0.00859471912103491	0.18908382066276802	10.425531914893616	1.523387044397683	3.619979402677652	2.2848101265822787	0.37037037037037035	0.5721739130434783	0.7879479176640355	0.9844373367655683	0.19103313840155944	0.8772080231015844	509	208	94
722701	de	5.074626865671642	2.001470588235294	10.006457418788411	9.235418788410886	0.31323529411764706	0.04852941176470588	0.7058823529411765	0.0058823529411764705	0.016176470588235296	0.7910447761194029	0.6897427551562888	2.3656716417910446	1.634453781512605	0.004074100802794117	6.183051475903615e-05	0.005921052631578947	0.5397058823529411	10.350746268656716	1.6256506967327864	3.5623229461756374	2.392523364485981	0.3897058823529412	0.6554561101549037	0.6388394197055399	0.8134441448057524	0.19852941176470587	0.8935857363552334	677	332	134
725147	de	5.144736842105263	1.8925831202046035	8.748928186835375	6.4111079283887475	0.26854219948849106	0.05370843989769821	0.7289002557544757	0.0025575447570332483	0.0076726342710997444	0.868421052631579	0.6445555555555555	2.289473684210526	1.4871794871794872	0.003738815579028133	6.975524404761905e-05	0.007116646280440343	0.34271099744245526	10.81578947368421	1.7209312252075408	3.38755980861244	2.467741935483871	0.4578005115089514	0.6288013698630136	-1	-1	0.21227621483375958	0.9277173317795203	379	168	76
1185733	de	6.4935064935064934	1.624	6.105667532467535	4.652794285714286	0.25	0.03	0.66	0.004	0.016	0.935064935064935	0.6723515884700095	2.831168831168831	1.638036809815951	0.005260476526	7.320559134615385e-05	0.008380952380952381	0.22	11.467532467532468	1.4560156293922528	3.5777525539160044	2.278688524590164	0.38	0.5719201995012475	-1	0.9286699416927651	0.204	0.9060885064865168	497	208	77
937211	de	6.074074074074074	1.6432926829268293	6.169742547425475	4.606088233965673	0.2820121951219512	0.03353658536585366	0.6814024390243902	0.010670731707317074	0.01524390243902439	0.8703703703703703	0.6819823219355927	2.611111111111111	1.5635593220338984	0.004531063339176829	6.70751829710145e-05	0.005820399113082041	0.3551829268292683	11.398148148148149	1.533002572714905	3.5	2.2625698324022347	0.3780487804878049	0.6222800718132847	0.7405247074285549	0.9661117561891872	0.20426829268292682	0.9018759201214825	651	276	108
722019	de	5.247058823529412	1.9147982062780269	9.050971775257192	5.950716307042997	0.26905829596412556	0.04484304932735426	0.7130044843049327	0.0	0.020179372197309416	0.8470588235294118	0.6699529306672163	2.2470588235294118	1.5470588235294118	0.004454378962556054	5.774878167539267e-05	0.009558649988199198	0.23542600896860988	11.058823529411764	1.650385431561902	3.336875664187035	2.374015748031496	0.4192825112107623	0.6258501440922188	-1	-1	0.20179372197309417	0.9162097939676598	433	191	85
1208025	de	5.79646017699115	1.7816793893129772	7.69443626291968	5.133526920218874	0.2564885496183206	0.021374045801526718	0.6992366412213741	0.0061068702290076335	0.012213740458015267	0.8849557522123894	0.6940605277658846	2.4867256637168142	1.5338983050847457	0.005435626190992367	5.140959120879121e-05	0.006205368135927112	0.39541984732824426	12.185840707964601	1.753595445852083	3.284981684981685	2.3671875	0.3480916030534351	0.5734172661870504	0.890842929855964	0.9537264548575097	0.21374045801526717	0.8979370583050676	644	273	113
722079	de	5.07185628742515	1.7473435655253837	7.0066780252953365	5.8642894598053	0.29515938606847697	0.023612750885478158	0.667060212514758	0.0023612750885478157	0.015348288075560802	0.7125748502994012	0.6592271684139152	2.1705882352941175	1.5732899022801303	0.004831135760212515	7.83300024e-05	0.004953544479236179	0.6469893742621016	9.652941176470588	1.6023629398283377	3.5515337423312885	2.37007874015748	0.3187721369539551	0.5630882352941174	0.7191023330343906	0.8362247870443212	0.20070838252656434	0.8807863979074381	839	375	170
722925	de	5.6992481203007515	1.8944591029023747	8.987324181165317	7.1230857896720705	0.2928759894459103	0.03430079155672823	0.6781002638522428	0.0013192612137203166	0.0079155672823219	0.8270676691729323	0.6799604435968069	2.261744966442953	1.5492957746478873	0.004896519772823219	4.865231046511628e-05	0.005653976630229928	0.3562005277044855	10.429530201342281	1.5529167514066844	3.4465894465894467	2.4347826086956523	0.3496042216358839	0.6027465857359638	0.8418616840345812	0.988802031417555	0.19788918205804748	0.8992630837771061	750	344	149
722983	de	5.630434782608695	1.7657657657657657	7.441905601253428	5.411801231044709	0.2882882882882883	0.04118404118404118	0.6821106821106822	0.007722007722007722	0.007722007722007722	0.8768115942028986	0.6467353003849354	2.58273381294964	1.5578231292517006	0.004623655490990991	6.194481752873563e-05	0.004446004446004446	0.49935649935649934	10.856115107913668	1.5775204611535547	3.495114006514658	2.3613861386138613	0.36293436293436293	0.6132005899705018	0.7997331998376824	0.9024177370977424	0.16473616473616473	0.9070546885120367	772	348	139
722735	de	5.586206896551724	1.941358024691358	9.496645381013199	6.801637249893572	0.26697530864197533	0.027777777777777776	0.6882716049382716	0.0	0.007716049382716049	0.8189655172413793	0.6672755505364197	2.5258620689655173	1.6336206896551724	0.004608469792438272	6.386313586956521e-05	0.006666666666666667	0.30864197530864196	11.818965517241379	1.7432811800268697	3.410480349344978	2.3333333333333335	0.37808641975308643	0.6476867030965398	0.813146605872812	0.8319496096050233	0.2052469135802469	0.9084664236398864	647	276	116
1136041	de	6.009009009009009	1.7586206896551724	7.505237651444549	5.003889214852033	0.2608695652173913	0.029985007496251874	0.7151424287856072	0.014992503748125937	0.01649175412293853	0.918918918918919	0.7043303161484978	2.5315315315315314	1.5654008438818565	0.003736315485907047	7.49536330909091e-05	0.005864714701472792	0.3523238380809595	11.08108108108108	1.5254742004742003	3.658978583196046	2.210191082802548	0.3373313343328336	0.6059859154929562	0.7401635171966896	0.9324971747587643	0.20539730134932535	0.8823266911589306	666	275	111
1100087	de	5.666666666666667	1.7871148459383754	7.707955182072833	5.117116526610644	0.23949579831932774	0.07703081232492998	0.7408963585434174	0.0014005602240896359	0.00980392156862745	0.8492063492063492	0.7126580086580087	2.4523809523809526	1.5511811023622046	0.003877036779831933	9.658664164222874e-05	0.007063695043234686	0.19467787114845939	10.26984126984127	1.4977333072571168	3.7395422257300712	2.2964824120603016	0.33753501400560226	0.5980650406504081	0.7681011313759649	0.8825535915169033	0.211484593837535	0.8734315584458459	712	341	126
769803	de	5.594594594594595	1.748792270531401	7.227640684162427	5.586418631675155	0.2608695652173913	0.026570048309178744	0.714975845410628	0.008454106280193236	0.00966183574879227	0.8243243243243243	0.6873343398853603	2.38255033557047	1.5	0.003525406486835749	8.011804956521739e-05	0.0050422705314009655	0.48792270531400966	10.630872483221477	1.6118746312686305	3.6087786259541983	2.2662337662337664	0.31280193236714976	0.6100685871056242	0.832834956830739	0.873372534266927	0.21739130434782608	0.8674365830858762	811	345	149
722063	de	5.56043956043956	1.7806324110671936	7.5900338791643165	5.532254901620119	0.2727272727272727	0.04743083003952569	0.7015810276679841	0.001976284584980237	0.009881422924901186	0.8571428571428571	0.7082459515792847	2.4945054945054945	1.5129533678756477	0.004626026109486166	7.139429272727273e-05	0.006126482213438735	0.37351778656126483	10.593406593406593	1.5843038524357205	3.593621399176955	2.45985401459854	0.424901185770751	0.6383783783783779	0.6712969651283308	0.9188673134483494	0.191699604743083	0.9135324311537679	503	220	91
769785	de	5.821428571428571	2.0076687116564416	10.370847940403156	7.028879666958808	0.2469325153374233	0.05828220858895705	0.7162576687116564	0.003067484662576687	0.013803680981595092	0.8839285714285714	0.6970064720064718	2.4690265486725664	1.6079295154185023	0.004332070616871166	8.94971648275862e-05	0.0060122699386503066	0.21932515337423314	11.663716814159292	1.636798918878565	3.573932926829268	2.7697368421052633	0.3803680981595092	0.645280289330922	0.8005731944171629	0.9775598703575726	0.21319018404907975	0.9088888575439109	631	290	113
1094211	de	4.525252525252525	1.8794642857142858	8.352527056277058	7.486242757936509	0.31919642857142855	0.04241071428571429	0.7142857142857143	0.002232142857142857	0.015625	0.7171717171717171	0.5787094708013073	2.01010101010101	1.4662921348314606	0.0033022698959821427	7.702371944444443e-05	0.008831521739130434	0.2611607142857143	9.737373737373737	1.7794466195981347	3.3737166324435317	2.460431654676259	0.46205357142857145	0.6805444126074475	-1	0.8952643808253398	0.19866071428571427	0.9125619933334341	446	216	99
722661	de	5.564102564102564	1.781874039938556	7.606113671274965	5.12305988420182	0.250384024577573	0.02457757296466974	0.7265745007680492	0.0	0.015360983102918587	0.7777777777777778	0.7001856620391095	2.4615384615384617	1.4609053497942386	0.004689844271428572	6.565595845588235e-05	0.006439796762377408	0.3241167434715822	10.58974358974359	1.5435618986901039	3.557784911717496	2.3037974683544302	0.3425499231950845	0.6153442028985506	0.8063677923420957	0.9128956457637184	0.21658986175115208	0.8950155174012527	651	272	117
917853	de	5.75	1.8082497212931996	7.989846711259755	5.945307469342252	0.2709030100334448	0.023411371237458192	0.6967670011148273	0.014492753623188406	0.021181716833890748	0.7051282051282052	0.7029809169325295	2.5576923076923075	1.5668789808917198	0.004375930028539576	7.704004022038568e-05	0.005662148682743648	0.6031215161649944	10.961538461538462	1.616553780976858	3.567234292425132	2.296747967479675	0.2887402452619844	0.5972807017543849	0.5519199720365301	0.7700237875328957	0.19732441471571907	0.8610157734268262	891	363	156
723297	de	5.708955223880597	1.8300653594771241	8.2312637791435	5.98330201931519	0.3006535947712418	0.02875816993464052	0.6849673202614379	0.0	0.01045751633986928	0.8507462686567164	0.7037241371827834	2.6	1.498220640569395	0.004688015043006536	6.385962683615819e-05	0.005331957344341245	0.5790849673202615	11.148148148148149	1.587096977096977	3.559892328398385	2.3381642512077296	0.3359477124183007	0.620480480480481	0.8510543205427553	0.8913687608488556	0.16732026143790849	0.895762380032784	764	354	135
1217719	de	4.959731543624161	1.8836265223274695	8.571088265477567	7.145755612064191	0.3017591339648173	0.03247631935047361	0.6955345060893099	0.0027063599458728013	0.010825439783491205	0.8053691275167785	0.678196053196053	2.221476510067114	1.4982817869415808	0.004089004469147496	5.8363729940119765e-05	0.005043670808217493	0.7361299052774019	10.288590604026846	1.7016400825125657	3.3673602080624185	2.44921875	0.35588633288227334	0.5995468750000009	0.8339472084994951	0.9028766473836777	0.2029769959404601	0.895522358408842	730	334	149
788579	de	6.025974025974026	1.6293103448275863	5.985991939095388	4.621637684729065	0.25	0.05818965517241379	0.7025862068965517	0.0021551724137931034	0.028017241379310345	0.8831168831168831	0.7548630097972199	2.4805194805194803	1.6845637583892616	0.0048251412090517245	6.550734782608695e-05	0.0078125	0.31896551724137934	11.480519480519481	1.618899642925617	3.449771689497717	2.243478260869565	0.4073275862068966	0.64517808219178	-1	0.9800958125125668	0.18318965517241378	0.896188919458313	464	207	77
1321049	de	5.5816993464052285	1.7236533957845432	6.9259728153556495	5.572440458587806	0.27985948477751754	0.03278688524590164	0.7236533957845434	0.01873536299765808	0.01522248243559719	0.7843137254901961	0.691505990354674	2.4379084967320264	1.5114754098360657	0.004138528192037471	8.464141621621621e-05	0.004658385093167702	0.6440281030444965	10.660130718954248	1.587200556345521	3.4902439024390244	2.2517482517482517	0.36768149882903983	0.6564503311258275	0.6307626262711701	0.8225619971827846	0.20843091334894615	0.8916879814783504	834	370	153
1253147	de	5.735294117647059	1.9397435897435897	9.535739064856713	6.479261689291101	0.27307692307692305	0.03205128205128205	0.7076923076923077	0.002564102564102564	0.014102564102564103	0.7941176470588235	0.622205253594142	2.551470588235294	1.4983388704318936	0.004518366341923077	5.9533199713467044e-05	0.0054001554001553995	0.3217948717948718	11.360294117647058	1.5897430592283532	3.535875888817065	2.4693140794223827	0.367948717948718	0.625139500734213	0.7735189417024841	1.0014277503096312	0.2064102564102564	0.9040546205166644	770	349	136
1218299	de	5.173333333333333	1.7396907216494846	6.955950515463922	5.164388549828179	0.24871134020618557	0.03608247422680412	0.7435567010309279	0.002577319587628866	0.011597938144329897	0.8133333333333334	0.7166981042819965	2.18	1.3636363636363635	0.003864525625386598	8.128816268656716e-05	0.005570335882939806	0.37371134020618557	9.953333333333333	1.5443686868686868	3.55	2.3807692307692307	0.34149484536082475	0.6171048744460861	0.7199686086052749	0.9096844631403448	0.22036082474226804	0.8912396310898637	771	335	150
722089	de	4.885416666666667	1.8251599147121536	7.852199493603415	5.487086869225302	0.26439232409381663	0.03624733475479744	0.6865671641791045	0.0	0.010660980810234541	0.75	0.6692222397485553	2.216494845360825	1.5843373493975903	0.005069750477185501	5.669445221674877e-05	0.008044194611358791	0.21535181236673773	9.494845360824742	1.6206461636874008	3.4800431499460625	2.3781512605042017	0.4093816631130064	0.6261621621621613	-1	0.9265745824300419	0.19189765458422176	0.9072265567378499	469	203	97
1356997	de	5.192546583850931	1.8373205741626795	8.11547594282148	6.527045463461024	0.291866028708134	0.025119617224880382	0.7105263157894737	0.007177033492822967	0.008373205741626795	0.782608695652174	0.7351880411255406	2.2883435582822087	1.467065868263473	0.004299188921531101	4.284435027932961e-05	0.004697164196522348	0.5478468899521531	10.582822085889571	1.9331329372740418	3.382456140350877	2.2971014492753623	0.35287081339712917	0.6005563093622813	0.6896652916843887	0.8455433920855006	0.19138755980861244	0.896687353129056	825	358	163
761741	de	5.163636363636364	1.766431924882629	7.267714895433205	5.870578309859155	0.3028169014084507	0.01995305164319249	0.7370892018779343	0.004694835680751174	0.011737089201877934	0.793939393939394	0.7187156847217818	2.1575757575757577	1.4487951807228916	0.0041675739396713615	5.178954581280788e-05	0.004939358372456964	0.6091549295774648	10.757575757575758	1.5571654271654274	3.3	2.468926553672316	0.3380281690140845	0.6423240371845946	0.6652946998336726	0.8443105842386727	0.18544600938967137	0.8829492317782269	843	406	165
896995	de	5.190839694656488	2.001470588235294	10.051780422092502	7.880570161652447	0.3029411764705882	0.03676470588235294	0.7014705882352941	0.0014705882352941176	0.016176470588235296	0.8396946564885496	0.6595043845043845	2.1297709923664123	1.5330739299610896	0.004175035872794118	7.159441297468354e-05	0.007692307692307693	0.22058823529411764	10.778625954198473	1.734221906168471	3.521613832853026	2.317073170731707	0.36911764705882355	0.5953528399311525	0.8792812097089829	1.0817798042042759	0.17941176470588235	0.893310257079501	675	316	131
1098455	de	5.426751592356688	1.7570422535211268	7.259531712568407	4.741355213659879	0.26291079812206575	0.02112676056338028	0.7053990610328639	0.002347417840375587	0.009389671361502348	0.8853503184713376	0.7337944462944458	2.3734177215189876	1.444794952681388	0.0044826708741784035	7.839705153203343e-05	0.0044944463529142335	0.49765258215962443	9.936708860759493	1.4987698482951648	3.5677585099550417	2.3020408163265307	0.3415492957746479	0.6258167330677319	0.7483721005912095	0.808436986190811	0.1983568075117371	0.9047625861118512	846	359	158
722617	de	5.151785714285714	1.8977469670710572	8.812610640009904	6.27261773953949	0.28596187175043325	0.043327556325823226	0.7105719237435009	0.006932409012131715	0.01559792027729636	0.8392857142857143	0.7046153296153294	2.625	1.5209302325581395	0.003918893100519931	5.3856671875e-05	0.006269752268325007	0.5476603119584056	10.946428571428571	1.7159825293753865	3.342787682333874	2.484581497797357	0.3986135181975737	0.6324895397489539	0.8421256210870743	0.8678177249605017	0.1923743500866551	0.8987280698600022	570	256	112
723587	de	5.793478260869565	1.8161350844277673	8.099850517986788	5.292206150583245	0.25328330206378985	0.03564727954971857	0.7373358348968105	0.005628517823639775	0.005628517823639775	0.8586956521739131	0.707624121909836	2.358695652173913	1.4854368932038835	0.0036691358645403378	7.313839559471365e-05	0.006097560975609756	0.3827392120075047	11.304347826086957	1.5573519174062653	3.5208535402521823	2.3026315789473686	0.3977485928705441	0.6441935483870961	0.9091378513039643	0.7486362488842586	0.2045028142589118	0.9014551493494047	532	227	92
1206671	de	5.396825396825397	1.7426470588235294	7.0779971988795545	5.279849206349207	0.27941176470588236	0.03823529411764706	0.7132352941176471	0.014705882352941176	0.008823529411764706	0.7936507936507936	0.6439306915306909	2.4682539682539684	1.441860465116279	0.0034868179089705886	7.346233827586207e-05	0.006295955882352941	0.425	9.841269841269842	1.4945289719099244	3.6456	2.303370786516854	0.3411764705882353	0.6131497418244403	0.6567852668900402	0.7822831085442372	0.19264705882352942	0.8813610623655216	676	290	126
1104659	de	5.247368421052632	1.675025075225677	6.221769571873516	4.299210551654966	0.2587763289869609	0.02708124373119358	0.7031093279839519	0.003009027081243731	0.012036108324974924	0.7789473684210526	0.6517459172221076	2.345549738219895	1.5188172043010753	0.004808192140320963	5.538905859728507e-05	0.0046480906133033245	0.43931795386158473	9.801047120418849	1.4735487897791562	3.4362955032119915	2.3461538461538463	0.320962888665998	0.6001113585746093	0.6814710389410209	0.7999783472697363	0.2136409227683049	0.8941816254812619	995	442	191
723743	de	5.651515151515151	1.8029490616621984	7.888889836704852	6.294598212689903	0.26541554959785524	0.03485254691689008	0.7305630026809652	0.010723860589812333	0.020107238605898123	0.7954545454545454	0.6406774946851284	2.446969696969697	1.5338078291814947	0.004220366952680965	0.00010202747391304347	0.004832792436856216	0.5268096514745308	10.772727272727273	1.6413083621367115	3.6444132115249475	2.5734767025089607	0.3418230563002681	0.6237867078825353	0.5645406489731808	0.7337725971541875	0.19571045576407506	0.8967701763103106	724	299	132
939565	de	5.4963503649635035	1.7436918990703851	7.129141051366311	4.398837058578338	0.2735723771580345	0.035856573705179286	0.6892430278884463	0.005312084993359893	0.009296148738379814	0.8686131386861314	0.6732705047259542	2.335766423357664	1.5232974910394266	0.004371065360060026	9.531535787878789e-05	0.005851593625498008	0.30677290836653387	10.02919708029197	1.4756743933703211	3.5617328519855596	2.404255319148936	0.3612217795484728	0.6054892966360871	0.9074682585053725	1.0040118853670976	0.19256308100929614	0.8906196678804369	739	330	137
749541	de	4.801470588235294	1.7212863705972434	6.593752702459238	5.557698684803172	0.26033690658499237	0.03522205206738132	0.6860643185298622	0.004594180704441042	0.007656967840735069	0.7720588235294118	0.679322323766768	2.0719424460431655	1.574468085106383	0.003998769101837672	4.968143229166667e-05	0.006727193174360097	0.3231240428790199	9.417266187050359	1.5271068859198356	3.338145896656535	2.3385214007782102	0.37366003062787134	0.6232490974729238	0.9384265566686074	0.9106061870492274	0.21592649310872894	0.9005654278734734	646	288	139
723251	de	5.605042016806722	1.6371814092953523	5.914707016239781	5.044231990727326	0.2608695652173913	0.025487256371814093	0.7091454272863568	0.010494752623688156	0.013493253373313344	0.8571428571428571	0.6612603027857262	2.5	1.5833333333333333	0.0037165909970014992	5.836121575342466e-05	0.007323261446199977	0.30884557721139433	10.35	1.479986518111518	3.510450160771704	2.3138297872340425	0.3793103448275862	0.6545774647887334	0.6960447623970211	0.9695191844736915	0.20239880059970014	0.895125020738801	665	292	120
930885	de	5.490196078431373	1.7452380952380953	7.144985994397761	5.0001274509803935	0.25833333333333336	0.04523809523809524	0.705952380952381	0.015476190476190477	0.010714285714285714	0.8104575163398693	0.6678636787189414	2.5163398692810457	1.5294117647058822	0.004068697628690476	8.322406985507247e-05	0.004695767195767197	0.5178571428571429	10.320261437908497	1.5467033511151158	3.5765822784810126	2.3150183150183152	0.3547619047619048	0.6465182186234811	0.6512239282491881	0.8465037336274934	0.20714285714285716	0.9049759278429653	829	345	153
722641	de	6.1893939393939394	1.755201958384333	7.5352467452987675	6.341874010607916	0.2521419828641371	0.03182374541003672	0.6927784577723378	0.0024479804161566705	0.012239902080783354	0.8863636363636364	0.6673610528572357	2.5606060606060606	1.5738831615120275	0.004720515904528763	6.687620441176471e-05	0.005127526547355188	0.412484700122399	12.363636363636363	1.6395363685136413	3.447220487195503	2.272727272727273	0.3268053855569155	0.6013509749303616	0.720803524698892	0.8512940740311437	0.189718482252142	0.8927869684278116	806	340	132
1406765	de	5.08	1.7412823397075365	6.9383316085489355	5.552295010123736	0.2958380202474691	0.03937007874015748	0.7266591676040495	0.0011248593925759281	0.008998875140607425	0.8457142857142858	0.7215631271665749	2.2711864406779663	1.4504249291784703	0.004221310855793026	4.377391599045346e-05	0.00549931258592676	0.3610798650168729	10.401129943502825	1.6324608536472944	3.380873410724157	2.2427536231884058	0.32733408323959506	0.5861898734177207	0.8170028248367431	0.9569253006117101	0.20584926884139482	0.8848043164251189	886	419	177
723237	de	5.508196721311475	1.7529761904761905	7.243315768930525	5.440598467993754	0.2708333333333333	0.03273809523809524	0.6979166666666666	0.00744047619047619	0.01488095238095238	0.8278688524590164	0.6837233473597104	2.3442622950819674	1.5252100840336134	0.004158440156101191	6.05805705882353e-05	0.006370907738095238	0.43452380952380953	10.975409836065573	1.5440898301312957	3.434652725914862	2.3394495412844036	0.3318452380952381	0.5732809773123918	0.8107290067824257	0.9836529933495389	0.19642857142857142	0.8782843256158662	667	289	122
750463	de	6.338235294117647	1.691415313225058	6.8406124607615695	5.444172894772759	0.2505800464037123	0.03248259860788863	0.6682134570765661	0.0	0.016241299303944315	0.8676470588235294	0.6707148158640696	2.7205882352941178	1.707142857142857	0.004969106255220417	6.527866666666666e-05	0.012064965197215777	0.1368909512761021	12.191176470588236	1.581589080853787	3.4478155339805827	2.305263157894737	0.37819025522041766	0.5667168674698797	-1	-1	0.2111368909512761	0.8801189491922891	431	183	68
771193	de	6.715909090909091	1.6734348561759729	6.775735848331028	5.529304399323181	0.27918781725888325	0.023688663282571912	0.6429780033840947	0.01015228426395939	0.00676818950930626	0.9204545454545454	0.6517175034416413	2.7613636363636362	1.6822916666666667	0.00523222645499154	6.341244365671642e-05	0.0089752078275583	0.22673434856175972	12.727272727272727	1.5678615261001625	3.5098389982110914	2.26056338028169	0.3553299492385787	0.5964430894308953	0.9944456515672813	1.0038129185864741	0.19627749576988154	0.881285129500873	591	268	88
761569	de	5.044585987261146	1.7765151515151516	7.340267322910638	5.932798211413497	0.29292929292929293	0.03787878787878788	0.7133838383838383	0.010101010101010102	0.022727272727272728	0.7898089171974523	0.6324495838918912	2.2088607594936707	1.4583333333333333	0.004364105203156566	6.593388356940511e-05	0.004550715488215488	0.9444444444444444	9.727848101265822	1.5716515025059328	3.5445094217024042	2.3347457627118646	0.3409090909090909	0.632077922077921	0.7790381153834582	0.8694134593422334	0.19696969696969696	0.8861374477479635	785	353	158
960937	de	4.535714285714286	1.9015748031496063	8.617511248593924	7.402794000749907	0.3333333333333333	0.04330708661417323	0.6942257217847769	0.0026246719160104987	0.01968503937007874	0.6547619047619048	0.6502032897242476	2.142857142857143	1.488599348534202	0.0039061969939632544	6.323427966101696e-05	0.005016039661708953	0.6496062992125984	9.369047619047619	1.6065484779770494	3.4228607120549657	2.5220588235294117	0.3753280839895013	0.6481749622926116	0.8099385252607144	1.007979227964317	0.19553805774278216	0.901863528641671	755	354	168
1294593	de	5.23936170212766	1.665989847715736	6.112031266875473	4.192473053245492	0.24771573604060915	0.05989847715736041	0.7380710659898477	0.006091370558375634	0.012182741116751269	0.824468085106383	0.670868451216044	2.265957446808511	1.5485714285714285	0.0038108758405076145	7.849252716894976e-05	0.004844089920232052	0.2720812182741117	9.77659574468085	1.4961023388549985	3.49945295404814	2.2969283276450514	0.3208121827411167	0.604006772009029	0.6828140883451491	0.8720547126430995	0.20812182741116753	0.8875318006572118	976	438	188
865741	de	5.469230769230769	1.8537271448663855	8.416980309423348	6.08261994157741	0.29535864978902954	0.05485232067510549	0.6976090014064698	0.0	0.008438818565400843	0.7615384615384615	0.676953924628343	2.4153846153846152	1.5306859205776173	0.003849911582700422	8.682884126506025e-05	0.007213828773649109	0.37130801687763715	10.53076923076923	1.6023044690352384	3.5767543859649122	2.328125	0.3150492264416315	0.5666666666666664	0.6974812512057756	0.8287387805015187	0.19971870604781997	0.8687868833238493	710	332	130
1345741	de	4.54140127388535	1.8246844319775597	7.712422794150495	6.6059632467103215	0.2791023842917251	0.056100981767180924	0.7237026647966339	0.001402524544179523	0.008415147265077139	0.7643312101910829	0.6639550264550262	2.0754716981132075	1.619047619047619	0.0035969610747545585	6.045496107954546e-05	0.00565534090394969	0.2762973352033661	9.251572327044025	1.6083051469843923	3.3836898395721926	2.4133333333333336	0.40813464235624125	0.6389250814332266	0.9092190039967593	1.02743303711873	0.1697054698457223	0.9035898077282465	711	352	159
1131707	de	4.971631205673759	1.783166904422254	7.390305642395365	4.868353741868254	0.2767475035663338	0.025677603423680456	0.7417974322396577	0.021398002853067047	0.008559201141226819	0.7021276595744681	0.6974492372706657	2.2056737588652484	1.4444444444444444	0.0032518620001426536	5.6015087915407855e-05	0.006748600899813453	0.23680456490727533	10.085106382978724	1.7198891415912692	3.349338900487126	2.3106796116504853	0.42653352353780316	0.6730066445182734	0.886487828083962	0.9788692690879919	0.20684736091298145	0.9131694708320587	685	331	141
869551	de	5.16	1.8863049095607236	8.680797932816539	6.208346315245478	0.31266149870801035	0.028423772609819122	0.6589147286821705	0.0	0.007751937984496124	0.7866666666666666	0.6615449865449864	2.155844155844156	1.5733333333333333	0.0058252788832041345	4.9201062790697675e-05	0.00977418267610381	0.25064599483204136	9.935064935064934	1.6131758212927045	3.513689700130378	2.353982300884956	0.4005167958656331	0.5510069444444444	-1	-1	0.19896640826873385	0.8907182900969111	385	172	77
722941	de	5.191919191919192	2.001945525291829	10.057805683292067	6.7579916126242985	0.26848249027237353	0.029182879377431907	0.6984435797665369	0.0019455252918287938	0.011673151750972763	0.797979797979798	0.650673277969196	2.202020202020202	1.568421052631579	0.0043567978188715955	7.900656490384616e-05	0.0072777057212854886	0.40077821011673154	11.272727272727273	1.6981598087658694	3.453971119133574	2.755364806866953	0.40077821011673154	0.6319036144578315	0.7302498315339196	0.8179979498101491	0.20428015564202334	0.9060885064865168	500	208	99
912075	de	5.695652173913044	1.916030534351145	9.2404646531696	7.088019150348492	0.3015267175572519	0.026717557251908396	0.7251908396946565	0.0	0.013358778625954198	0.9456521739130435	0.7522854129996986	2.4782608695652173	1.530612244897959	0.004180837235114504	5.8899859670781894e-05	0.008552445575346339	0.3110687022900763	11.58695652173913	1.636591729526512	3.5165562913907285	2.3207547169811322	0.38549618320610685	0.6067294117647047	0.9770254586701115	1.056809712009995	0.20229007633587787	0.8847183768995359	523	243	92
1402573	de	4.847328244274809	1.8440944881889765	8.060772975897098	7.066244935986054	0.31496062992125984	0.029921259842519685	0.7748031496062993	0.004724409448818898	0.014173228346456693	0.7786259541984732	0.7085164835164834	2.3969465648854964	1.2932330827067668	0.0030026499692913386	4.6324978827361563e-05	0.004874390701162355	0.7968503937007874	10.320610687022901	1.6820769330975105	3.290909090909091	2.3595041322314048	0.4204724409448819	0.6813059701492539	0.814072549347369	0.8454575769694695	0.2188976377952756	0.9115583398000646	628	307	131
769825	de	5.833333333333333	1.863265306122449	8.671530612244897	6.781108843537416	0.2673469387755102	0.04693877551020408	0.6836734693877551	0.0020408163265306124	0.014285714285714285	0.8928571428571429	0.6760627591952892	2.5294117647058822	1.7080745341614907	0.004281027745306122	8.893621972477064e-05	0.007897071872227152	0.3040816326530612	12.129411764705882	1.7423307248307247	3.487354085603113	2.3943661971830985	0.40408163265306124	0.6264705882352933	-1	0.838233123709186	0.19387755102040816	0.9054140205072212	480	218	85
1126409	de	5.426751592356688	1.84037558685446	8.242865045901741	7.047787138542508	0.31338028169014087	0.017605633802816902	0.6291079812206573	0.0	0.005868544600938967	0.7707006369426752	0.6600450475450471	2.4	1.5664556962025316	0.005021040441197184	3.495644330708662e-05	0.00473601844988057	0.7417840375586855	11.86875	1.8316282849095349	3.1705385427666313	2.251937984496124	0.2793427230046948	0.5176494023904378	0.6860054081266339	0.83565395882428	0.21009389671361503	0.868118705270029	844	381	160
722761	de	5.851851851851852	1.770886075949367	7.588677918424754	5.217087857477731	0.25063291139240507	0.04177215189873418	0.710126582278481	0.0012658227848101266	0.02531645569620253	0.8444444444444444	0.6766554134091444	2.488888888888889	1.6014492753623188	0.005051872266075949	5.4001790058479535e-05	0.004830113257828115	0.5455696202531646	11.451851851851853	1.6236205975094864	3.4634941329856583	2.4160839160839163	0.3468354430379747	0.620564399421128	0.6380052350863077	0.7762754048657812	0.1949367088607595	0.9019470255438414	778	342	135
722933	de	6.1313131313131315	1.901153212520593	9.23482002895512	6.853895259015193	0.2800658978583196	0.03789126853377265	0.6721581548599671	0.0032948929159802307	0.009884678747940691	0.8888888888888888	0.6897804576376004	2.686868686868687	1.6	0.004804826716474464	6.853998358778625e-05	0.006419360336306312	0.32784184514003295	13.222222222222221	1.7799779905840512	3.3330781010719757	2.5198776758409784	0.4085667215815486	0.6344685039370084	1.1341389760311906	0.9741397650348891	0.17298187808896212	0.9147692276162559	586	262	99
1098937	de	4.795620437956204	1.67427701674277	6.0367607683676106	4.7412721816707215	0.2572298325722983	0.0319634703196347	0.741248097412481	0.0030441400304414	0.0182648401826484	0.7226277372262774	0.6189453520335871	2.130434782608696	1.4669421487603307	0.004187483626179604	6.441519197324414e-05	0.004870624048706241	0.3592085235920852	9.391304347826088	1.6255784171545042	3.4554455445544554	2.3807106598984773	0.3607305936073059	0.6330286738351254	0.5625825012340403	0.7551875975907136	0.2024353120243531	0.888105454926147	653	299	138
1402397	de	6.150943396226415	1.822085889570552	8.30948142146082	5.975809923988116	0.25255623721881393	0.03578732106339468	0.7300613496932515	0.0081799591002045	0.015337423312883436	0.7924528301886793	0.6769317531975761	2.5849056603773586	1.4562841530054644	0.0041916152544989775	7.8053691005291e-05	0.004559774498424806	0.41411042944785276	11.754716981132075	1.6123678034055393	3.605037513397642	2.4575	0.3210633946830266	0.6168259385665544	0.7507917934874018	0.8656792125056899	0.19325153374233128	0.8993484809958087	948	378	159
942529	de	5.967391304347826	1.8870673952641166	9.004677872812227	6.682929975449435	0.25318761384335153	0.056466302367941715	0.6885245901639344	0.0	0.01639344262295082	0.9021739130434783	0.6906557727986297	2.5217391304347827	1.6894736842105262	0.004545210545901639	7.183003927125507e-05	0.0075895567698846395	0.3570127504553734	11.956521739130435	1.6229573717345456	3.4512306289881494	2.4074074074074074	0.3788706739526412	0.6410444444444445	0.8909634808826463	0.8156505927105748	0.2058287795992714	0.8916878944755678	545	247	92
1097463	de	5.295774647887324	1.7632978723404256	7.282267006293079	5.999828521126761	0.26595744680851063	0.02127659574468085	0.7273936170212766	0.003989361702127659	0.006648936170212766	0.8098591549295775	0.6837301587301585	2.295774647887324	1.4963768115942029	0.004614082682845745	9.73808818443804e-05	0.00516270337922403	0.4853723404255319	10.098591549295774	1.5095759678506155	3.6266666666666665	2.3661417322834644	0.3816489361702128	0.6525880551301693	0.6869866063369856	0.8004329721783957	0.21675531914893617	0.9083451815253892	746	347	142
1237437	de	4.872727272727273	1.8973880597014925	8.699542740841249	6.631231194029852	0.26865671641791045	0.033582089552238806	0.7313432835820896	0.0037313432835820895	0.007462686567164179	0.7545454545454545	0.6248444470921534	2.309090909090909	1.413953488372093	0.004386727692350746	6.333252983193277e-05	0.005942509673852957	0.3805970149253731	9.527272727272727	1.5020215895215896	3.5825426944971537	2.4526315789473685	0.4141791044776119	0.6245537757437051	0.9326022405590639	0.7951522300415693	0.22201492537313433	0.9131880661179662	531	238	110
936561	de	6.045045045045045	1.871833084947839	8.85519796995207	6.202452843006942	0.2637853949329359	0.04769001490312966	0.7093889716840537	0.00894187779433681	0.014903129657228018	0.8648648648648649	0.6562945135672404	2.5675675675675675	1.623931623931624	0.0044275800016393444	6.537426985815603e-05	0.005509641873278237	0.30849478390462	12.486486486486486	1.666827885945533	3.478136200716846	2.396600566572238	0.3949329359165425	0.6341608391608394	0.8182051561087204	0.9446914662383946	0.19821162444113263	0.9102947589309198	648	282	111
768161	de	6.203007518796992	1.7963636363636364	8.026263841421738	6.6773549783549795	0.25333333333333335	0.07393939393939394	0.7151515151515152	0.0048484848484848485	0.0036363636363636364	0.9624060150375939	0.6715203987931259	2.6165413533834587	1.6621160409556315	0.004173041510060606	6.463938406593406e-05	0.005438165438165439	0.33575757575757575	11.887218045112782	1.6007388601373562	3.5931876606683804	2.3361702127659574	0.32	0.6034022038567511	0.6220590240529748	0.8150943735833602	0.18424242424242424	0.8627206359923616	813	364	133
1354829	de	5.025	1.6849087893864014	6.251673714759537	4.629077180762852	0.2835820895522388	0.03482587064676617	0.7114427860696517	0.011608623548922056	0.014925373134328358	0.75	0.6548893444017277	2.3801652892561984	1.5442477876106195	0.004248855350580431	8.155525736434109e-05	0.005609208857672422	0.4660033167495854	9.611570247933884	1.533699473765807	3.4398976982097187	2.299492385786802	0.3747927031509121	0.6122619047619038	0.6373011783883559	0.8376797007703034	0.1824212271973466	0.9035325685493433	596	258	121
1264097	de	5.410256410256411	1.8317535545023698	8.134691943127965	6.316774966581603	0.30213270142180093	0.04028436018957346	0.6848341232227488	0.004739336492890996	0.0035545023696682463	0.8076923076923077	0.6874684634362054	2.3525641025641026	1.5534591194968554	0.004060166282819905	7.47865155216285e-05	0.004908598510494246	0.4881516587677725	11.076923076923077	1.8751694174771099	3.399883923389437	2.347826086956522	0.33886255924170616	0.6084429530201347	0.7659720075903459	0.9439897728934875	0.19075829383886256	0.8869243767027492	831	393	156
1096603	de	5.837606837606837	1.7847730600292826	7.746988775012202	5.153697936454306	0.2430453879941435	0.016105417276720352	0.7306002928257687	0.0014641288433382138	0.020497803806734993	0.8547008547008547	0.6983622938364313	2.52991452991453	1.4653846153846153	0.0038006918582723283	0.00013036710871369294	0.005900882914060074	0.4407027818448023	10.504273504273504	1.4946667216086522	3.767156862745098	2.586885245901639	0.31478770131771594	0.609571917808219	0.7180102032335923	0.9480318926815912	0.20644216691068815	0.8788441256907747	656	241	117
722097	de	4.91919191919192	1.9281314168377823	9.080435567170682	7.3137722564453576	0.29568788501026694	0.03490759753593429	0.6509240246406571	0.006160164271047228	0.02053388090349076	0.797979797979798	0.6616614394675616	2.2525252525252526	1.6416184971098267	0.004562660462217659	8.19160255e-05	0.008726899383983574	0.31006160164271046	9.777777777777779	1.6481366837427442	3.6569948186528496	2.409937888198758	0.39835728952772076	0.6264175257731952	-1	0.9169057651333202	0.188911704312115	0.893906144297322	482	200	99
