article_id	language	ansp	appl_filtered_mean	appl_filtered_median	appl_full_mean	appl_full_median	appl_fulltext	lmfm
776_de	de	0.9833333333333333	44.94781655896435	29.226648330688477	44.94781655896435	29.226648330688477	17.790014266967773	0.09624319852941177
986_de	de	0.9705882352941176	52.98571489488377	27.357030868530273	69.6179135002359	27.537616729736328	14.72968578338623	0.08128633333333334
1463_de	de	0.9924812030075187	34.7614985330781	29.681604385375977	34.7614985330781	29.681604385375977	14.536225318908691	0.05466558603491272
104_de	de	0.9565217391304348	95.37528375957324	45.01568794250488	nan	45.07457733154297	23.79020881652832	0.060319298245614036
1403_de	de	0.9384615384615385	71.7918171442472	32.35585021972656	125.93413898439118	33.485591888427734	16.1160888671875	0.087079797979798
734_de	de	0.961038961038961	57.136503451909775	36.828826904296875	57.136503451909775	36.828826904296875	15.680764198303223	0.07168399412628487
782_de	de	0.9313725490196079	70.5301718711853	45.875179290771484	69.86349811253038	45.739219665527344	20.46704864501953	0.04528994350282486
353_de	de	0.963963963963964	63.636985184929586	33.7699031829834	63.441979608365465	33.7699031829834	17.44376564025879	0.06923154761904762
440_de	de	0.989247311827957	60.99750104863593	30.40042209625244	60.99750104863593	30.40042209625244	15.33847427368164	0.07195888456549934
1535_de	de	0.9871794871794872	33.07395366475552	25.713132858276367	33.07395366475552	25.713132858276367	12.580156326293945	0.10187445355191257
1289_de	de	0.9493670886075949	64.28102821639821	31.72736358642578	85.92247233390808	32.32181739807129	14.185627937316895	0.06486916666666667
509_de	de	0.9738562091503268	57.479178038803305	30.27644920349121	nan	31.381759643554688	19.47405433654785	0.06215227765726681
1496_de	de	0.9646017699115044	44.727444505269546	33.00223159790039	54.57428671184339	33.36416053771973	17.203622817993164	0.0733991304347826
1505_de	de	0.9752066115702479	217.1954215706372	24.02085781097412	217.1954215706372	24.02085781097412	14.781353950500488	0.080319285120532
368_de	de	0.954954954954955	49.27174436936685	36.23508834838867	nan	36.990671157836914	15.298971176147461	0.09281650589496249
521_de	de	0.9326923076923077	188.98113043491657	25.18834114074707	219.21836139133998	25.23633575439453	14.54036808013916	0.06810034364261168
1607_de	de	0.9827586206896551	40.7343312287942	24.686908721923828	40.7343312287942	24.686908721923828	14.017412185668945	0.09573379501385042
533_de	de	0.975	70.3842525601387	33.732662200927734	1885.7736059235938	35.19416046142578	17.801496505737305	0.07521969696969698
647_de	de	0.9649122807017544	68.40917610290438	26.084507942199707	68.40917610290438	26.084507942199707	17.532655715942383	0.08404322139303483
1253_de	de	0.9680851063829787	36.31540911323146	27.461109161376953	36.31540911323146	27.461109161376953	15.25839900970459	0.0576996835443038
704_de	de	0.9733333333333334	37.96618590037028	31.952444076538086	nan	32.13168430328369	14.860499382019043	0.07594253835425384
260_de	de	0.9669421487603306	42.13161050687071	25.98173713684082	42.13161050687071	25.98173713684082	14.285186767578125	0.06471982248520709
806_de	de	0.983739837398374	109.4903383567685	26.466392517089844	118.9618938046117	26.58321762084961	13.507624626159668	0.06601111111111112
1469_de	de	0.970873786407767	40.57331244762127	27.98645305633545	40.57331244762127	27.98645305633545	13.444311141967773	0.07452113821138212
263_de	de	0.9333333333333333	49.994159878624814	38.914615631103516	nan	38.94845199584961	17.097341537475586	0.0943455252918288
1115_de	de	0.9807692307692307	39.587704953693205	23.768421173095703	39.587704953693205	23.768421173095703	15.264602661132812	0.08166020512820513
1742_de	de	0.9381443298969072	57.98289022445679	23.568092346191406	nan	25.16398048400879	14.858192443847656	0.06711851851851852
170_de	de	0.9775280898876404	44.28553847736782	24.133825302124023	44.28553847736782	24.133825302124023	13.639384269714355	0.10097377963737797
365_de	de	0.9846153846153847	45.92200632828933	24.53080654144287	46.308232300154124	24.69944190979004	15.33254337310791	0.07026640557006092
1484_de	de	0.9736842105263158	26.737060844124137	20.20000648498535	26.737060844124137	20.20000648498535	11.023900032043457	0.0841031746031746
773_de	de	0.9743589743589743	326.964176482539	28.98032569885254	433.48231592299834	29.221769332885742	15.906561851501465	0.07105690721649485
83_de	de	0.9714285714285714	68.64102803536181	33.991994857788086	68.64102803536181	33.991994857788086	17.878459930419922	0.06346583333333333
1430_de	de	0.9859154929577465	38.74540234955264	32.61513900756836	38.65581546889411	32.455142974853516	16.120765686035156	0.06664946727549467
1106_de	de	0.9759036144578314	63.76747203440893	23.543910026550293	63.76747203440893	23.543910026550293	12.353431701660156	0.0555190093708166
1550_de	de	0.9746835443037974	41.28061782121658	27.001742362976074	41.28061782121658	27.001742362976074	19.703773498535156	0.06167700680272109
959_de	de	0.9545454545454546	40.93602303252823	28.99803352355957	83.28100020162175	28.99803352355957	18.561063766479492	0.055637196467991167
827_de	de	0.9727272727272728	42.98558722315608	31.912771224975586	42.98558722315608	31.912771224975586	16.773042678833008	0.08063333333333333
947_de	de	0.9705882352941176	130.19918951326912	29.7993221282959	130.19918951326912	29.7993221282959	18.08802032470703	0.07171412742382272
1812_de	de	0.9626865671641791	58.80819012147409	30.711320877075195	58.80819012147409	30.711320877075195	17.940044403076172	0.059491487455197126
1385_de	de	0.9797979797979798	51.57538028717041	21.589844703674316	51.57538028717041	21.589844703674316	11.971116065979004	0.0634
326_de	de	0.9560975609756097	70.33342113494874	31.891481399536133	nan	32.05944347381592	17.98379898071289	0.08523609467455621
86_de	de	0.900990099009901	73.81928332489316	38.063560485839844	86.93429202659458	38.24780464172363	18.462182998657227	0.08174267676767677
461_de	de	0.953125	68.6623619373028	51.095298767089844	68.6623619373028	51.095298767089844	19.233381271362305	0.08195638095238095
1688_de	de	0.9693877551020408	56.725992082345364	37.989280700683594	56.725992082345364	37.989280700683594	20.270076751708984	0.05133287197231834
626_de	de	0.9545454545454546	64.04213413325223	34.55925178527832	nan	11.680341720581055	21.603271484375	0.06439902370990237
725_de	de	0.9491525423728814	40.04646859209762	24.69900131225586	73.51953545337966	24.819499969482422	14.406136512756348	0.08769712301587303
1241_de	de	0.9428571428571428	81.51557489180229	29.453344345092773	81.51557489180229	29.453344345092773	12.85566234588623	0.06301362962962963
1442_de	de	0.9629629629629629	52.14867327403437	31.103673934936523	52.14867327403437	31.103673934936523	17.097198486328125	0.06136918103448276
1622_de	de	0.9279279279279279	53.46758262027394	24.495527267456055	nan	nan	14.504693984985352	0.07664730848861284
467_de	de	0.9655172413793104	48.78123109285222	35.034759521484375	nan	35.38331985473633	20.27901840209961	0.07411289437585734
1806_de	de	0.9813084112149533	52.12577676327429	28.813003540039062	557.1495325918551	28.907567977905273	15.537797927856445	0.06315661835748793
644_de	de	0.958904109589041	52.039274125485804	38.070552825927734	52.039274125485804	38.070552825927734	18.6031436920166	0.064065560821485
1334_de	de	0.9611650485436893	51.23365159676625	33.13586616516113	51.23365159676625	33.13586616516113	14.715126037597656	0.07737956621004566
719_de	de	0.9411764705882353	95.47541057362275	33.339027404785156	97.2360690275828	33.68738555908203	17.602577209472656	0.07577010213556173
1493_de	de	0.9743589743589743	293.1689216637913	26.044252395629883	293.1689216637913	26.044252395629883	12.634953498840332	0.0824490813648294
404_de	de	0.98	44.369274451000855	28.64797592163086	44.369274451000855	28.64797592163086	15.402986526489258	0.06356136631330978
329_de	de	0.9802631578947368	45.23044728297813	32.31678009033203	45.23044728297813	32.31678009033203	18.263858795166016	0.0848450892857143
1199_de	de	0.9464285714285714	32.88639756252891	26.839439392089844	32.88639756252891	26.839439392089844	15.647506713867188	0.08790351966873707
1556_de	de	0.9669421487603306	26.966308176024885	21.016645431518555	26.981742210075502	21.05845546722412	13.203935623168945	0.08245663881151345
1352_de	de	0.9736842105263158	46.05297141880184	32.78064727783203	46.05297141880184	32.78064727783203	12.797616958618164	0.07126314363143632
1118_de	de	0.9629629629629629	72.87250707799738	41.266876220703125	72.87250707799738	41.266876220703125	14.124947547912598	0.0824813063063063
374_de	de	0.92	63.308922019659306	50.23029708862305	63.308922019659306	50.23029708862305	16.55600929260254	0.09783753280839895
695_de	de	0.9548387096774194	90.85932917778308	30.806507110595703	90.85932917778308	30.806507110595703	17.033714294433594	0.07593913379737047
98_de	de	0.993103448275862	61.59732796241497	36.73114776611328	71.0749729496159	37.839799880981445	21.020906448364258	0.11078064814814816
1178_de	de	0.9102564102564102	174.55770729161517	33.78122329711914	174.55770729161517	33.78122329711914	19.005155563354492	0.07693479532163744
25_de	de	0.9533678756476683	109.81384904114242	33.422908782958984	109.81384904114242	33.422908782958984	16.20752716064453	0.09230582582582583
458_de	de	0.8873239436619719	84.70484236596336	38.76552200317383	nan	38.85698699951172	14.758450508117676	0.07412280701754387
1514_de	de	0.9351851851851852	108.0688991721617	26.839439392089844	108.0688991721617	26.839439392089844	17.066205978393555	0.07113544600938967
452_de	de	0.9647058823529412	85.1518944123212	59.102020263671875	592.3589763086895	59.84417152404785	19.670143127441406	0.0546515306122449
1190_de	de	0.9418604651162791	38.931153454500084	28.64426612854004	896.7983616247944	29.198104858398438	15.919499397277832	0.07531565452091768
1640_de	de	0.94	38.71080283127209	17.9322452545166	38.71080283127209	17.9322452545166	12.15809440612793	0.08728764643237487
608_de	de	0.9772727272727273	45.96757593750954	25.311970710754395	49.473185391075866	25.32021141052246	14.674653053283691	0.08101290726817043
1544_de	de	0.9272727272727272	43.210427148001536	35.00005531311035	43.210427148001536	35.00005531311035	13.985261917114258	0.07455770833333333
629_de	de	0.9668874172185431	91.71719051348536	26.49792194366455	91.71719051348536	26.49792194366455	14.383842468261719	0.06174586033117351
1770_de	de	0.9785714285714285	54.448510515517086	29.113006591796875	nan	23.618099212646484	19.325450897216797	0.10690755020080321
962_de	de	0.9657142857142857	73.50378629100116	28.40399169921875	540.3663321029056	28.73508930206299	18.14027214050293	0.07000620732464308
449_de	de	0.9879518072289156	39.86850301424662	28.42539119720459	39.86850301424662	28.42539119720459	15.156168937683105	0.09713009446693657
338_de	de	0.9746835443037974	36.37588458091208	25.738544464111328	36.37588458091208	25.738544464111328	14.137608528137207	0.07947701908957415
1394_de	de	0.9537037037037037	65.15788390901353	33.686174392700195	nan	33.99118423461914	15.311944007873535	0.04132204724409449
443_de	de	0.9607843137254902	64.13264470887415	41.17603302001953	64.13264470887415	41.17603302001953	17.77098846435547	0.056575
116_de	de	0.9705882352941176	83.51876666966606	42.84068298339844	506.4075062378593	43.33405303955078	24.030925750732422	0.0627936247723133
383_de	de	0.9491525423728814	68.12279974111989	33.65431213378906	68.12279974111989	33.65431213378906	19.479808807373047	0.08737658402203857
506_de	de	0.9487179487179487	54.223250364645935	31.92656707763672	315.4828302383423	32.397483825683594	12.678956985473633	0.084069
323_de	de	0.9615384615384616	67.09896980358076	38.94845199584961	67.09896980358076	38.94845199584961	13.819705963134766	0.0689282874617737
293_de	de	0.9705882352941176	77.33720201196023	31.640424728393555	77.33720201196023	31.640424728393555	17.416940689086914	0.08973596176821982
815_de	de	0.9619047619047619	34.82872862588792	23.84664535522461	nan	23.763283729553223	15.127093315124512	0.07167797101449275
1001_de	de	0.9820359281437125	81.52037711370559	28.119545936584473	81.52037711370559	28.119545936584473	17.401395797729492	0.06381145339652448
101_de	de	0.9819819819819819	44.78990181429045	27.312944412231445	44.78990181429045	27.312944412231445	15.731338500976562	0.07065966101694915
110_de	de	0.956140350877193	161.21720134900963	38.94845199584961	161.21720134900963	38.94845199584961	21.36207389831543	0.07303945147679325
551_de	de	1.0	49.35869581946011	35.12865447998047	49.35869581946011	35.12865447998047	17.129304885864258	0.061464158829676076
752_de	de	0.9716312056737588	39.5712928906293	22.494309425354004	39.5712928906293	22.494309425354004	12.24074649810791	0.09014004149377593
497_de	de	0.9834710743801653	51.41786359568111	29.794418334960938	51.41786359568111	29.794418334960938	15.065632820129395	0.07362302504816956
1082_de	de	0.9726027397260274	48.93691709596817	32.28111267089844	62.14492948635204	32.34556198120117	17.02580451965332	0.05703126079447323
641_de	de	0.9696969696969697	48.59133978179007	32.920475006103516	70.14608298152326	32.9447078704834	18.293046951293945	0.05454182456140351
1181_de	de	1.0	35.01718374093374	29.214509963989258	35.01718374093374	29.214509963989258	13.576699256896973	0.08206204379562043
818_de	de	0.9887640449438202	51.268960078557335	22.084732055664062	51.268960078557335	22.084732055664062	14.519128799438477	0.08025615819209041
233_de	de	0.9649122807017544	45.71624932081803	33.86394119262695	45.71624932081803	33.86394119262695	20.648204803466797	0.0683586592178771
974_de	de	0.9575471698113207	107.84030660294809	30.100679397583008	107.72182936511689	30.23650550842285	16.522022247314453	0.08356688963210702
1583_de	de	0.95	37.042918888139134	23.672353744506836	37.042918888139134	23.672353744506836	12.981579780578613	0.07316156862745098
1388_de	de	0.9259259259259259	226.36186736307027	32.20014953613281	224.4932860397711	32.32137489318848	16.95568084716797	0.06393641975308642
1478_de	de	0.9456521739130435	37.91883437351514	29.950239181518555	37.91883437351514	29.950239181518555	15.429788589477539	0.052208423586040914
575_de	de	0.9739130434782609	34.50467943734136	26.607961654663086	34.50467943734136	26.607961654663086	14.291215896606445	0.08544299242424243
470_de	de	0.972972972972973	34.356232789357506	25.65039825439453	34.356232789357506	25.65039825439453	13.502463340759277	0.0712690251572327
143_de	de	0.859375	236.00543573819675	38.687381744384766	236.00543573819675	38.687381744384766	15.689167022705078	0.06843641304347826
1601_de	de	0.954954954954955	51.578930233206066	23.195414543151855	51.578930233206066	23.195414543151855	13.401091575622559	0.08560654288240495
395_de	de	0.9734513274336283	46.776211320308214	29.03352165222168	46.776211320308214	29.03352165222168	15.43735408782959	0.09208229508196722
1424_de	de	0.9733333333333334	55.669283866882324	33.60039138793945	55.669283866882324	33.60039138793945	18.993555068969727	0.08597230046948358
173_de	de	0.9479166666666666	49.208975103712575	34.65140151977539	49.208975103712575	34.65140151977539	14.314236640930176	0.07906093333333333
164_de	de	1.0	90.32869895299275	34.54928398132324	90.32869895299275	34.54928398132324	20.137779235839844	0.08498301158301158
95_de	de	0.9605263157894737	80.95016866646066	28.907123565673828	102.35978681900922	29.02913475036621	18.20308494567871	0.10213341563786008
992_de	de	0.945054945054945	216.29488339266933	31.67188262939453	221.2461751025656	31.762088775634766	17.294710159301758	0.07403521505376344
1706_de	de	0.9603174603174603	46.50125353567062	28.99845790863037	252.84406272257408	29.221851348876953	14.910920143127441	0.06748338430173292
1418_de	de	0.9420289855072463	51.37271789882494	29.8623046875	97.5833462033953	30.047243118286133	16.11197853088379	0.07475444947209653
1529_de	de	0.9504950495049505	63.196646190157125	25.649520874023438	63.196646190157125	25.649520874023438	14.378280639648438	0.07002682119205297
113_de	de	0.95	44.34831885222731	31.722737312316895	nan	32.59312057495117	19.957712173461914	0.0720741641337386
929_de	de	0.9607843137254902	52.228621080083755	20.930992126464844	52.228621080083755	20.930992126464844	13.465791702270508	0.07646170634920635
728_de	de	0.9714285714285714	150.23936324299507	25.27485466003418	150.23936324299507	25.27485466003418	14.553241729736328	0.04548952702702703
812_de	de	0.9647058823529412	31.570232945819235	26.395686149597168	31.570232945819235	26.395686149597168	15.322253227233887	0.07174882280049566
767_de	de	0.9554140127388535	34.55530221854584	26.05684471130371	34.55530221854584	26.05684471130371	15.156888008117676	0.06921219830397912
707_de	de	0.9411764705882353	71.67057513636212	41.1507625579834	71.67057513636212	41.1507625579834	18.38800621032715	0.049632655826558264
548_de	de	0.9885057471264368	49.363610516894944	35.32927703857422	49.363610516894944	35.32927703857422	15.337179183959961	0.07297530364372469
566_de	de	0.9805825242718447	45.10541237317599	35.122854232788086	45.10541237317599	35.122854232788086	21.341630935668945	0.10059497716894977
1322_de	de	0.96	60.22366195678711	27.53841781616211	59.59307514993768	27.440388679504395	15.484647750854492	0.06621165311653116
269_de	de	0.9595959595959596	34.49904686995227	24.069381713867188	196.32961304187774	24.099902153015137	13.19239330291748	0.07408643892339545
1809_de	de	0.9879518072289156	30.845321751776197	25.639421463012695	30.845321751776197	25.639421463012695	12.83181095123291	0.08386306666666667
770_de	de	0.975609756097561	53.46077521353057	28.7830867767334	53.46077521353057	28.7830867767334	17.005464553833008	0.08159918864097364
716_de	de	0.9819819819819819	40.37961182424	29.28928565979004	40.37961182424	29.28928565979004	15.364145278930664	0.10942149122807017
512_de	de	0.96875	52.659054479002954	33.93975067138672	53.756020880634	33.97613525390625	19.21257972717285	0.06023201388888889
998_de	de	0.970873786407767	38.57543208339427	27.019140243530273	nan	27.432559967041016	16.767309188842773	0.049857585470085466
341_de	de	0.9669421487603306	67.13710329180859	44.144554138183594	67.13710329180859	44.144554138183594	17.16813087463379	0.08388609341825902
1586_de	de	0.9891304347826086	44.63127012150262	21.989723205566406	44.63127012150262	21.989723205566406	15.929640769958496	0.047073828125
1502_de	de	0.9550561797752809	77.99101178381179	24.459999084472656	77.99101178381179	24.459999084472656	13.838608741760254	0.08039290240811153
413_de	de	0.9733333333333334	53.078273379007975	33.14292907714844	59.604822522715516	33.22109794616699	20.157054901123047	0.07561880733944953
317_de	de	0.99375	42.5203389018774	23.591093063354492	43.6611200030546	23.59871482849121	12.52527141571045	0.058610759969902185
1400_de	de	0.9655172413793104	47.94108757105741	30.541595458984375	47.94108757105741	30.541595458984375	17.07706642150879	0.0780310861423221
332_de	de	0.9292929292929293	43.48256383895874	32.40289878845215	43.48256383895874	32.40289878845215	18.583362579345703	0.05075534825870647
1776_de	de	0.9820359281437125	84.57089142599506	28.60527801513672	85.43219948382605	28.71078872680664	17.392948150634766	0.09673042596348884
356_de	de	0.9619047619047619	44.276139286586215	35.314022064208984	nan	35.3724479675293	15.793379783630371	0.06846283391405342
542_de	de	0.9733333333333334	46.91475371310585	29.49722957611084	46.91475371310585	29.49722957611084	16.236312866210938	0.05180493273542601
713_de	de	0.9504950495049505	460.31459392820085	37.538761138916016	nan	38.78597831726074	18.53749656677246	0.0677904214559387
434_de	de	0.9625	38.01891968250275	31.73811912536621	83.29863100876042	32.239501953125	16.005773544311523	0.03146605222734255
623_de	de	0.9878787878787879	47.49805468934955	27.856887817382812	nan	42.17568397521973	15.500513076782227	0.06543607118412047
1499_de	de	0.975	57.61642500116855	29.196590423583984	81.88569655921889	29.78433609008789	17.548004150390625	0.08460831234256927
152_de	de	0.9537037037037037	100.71771854774974	34.54469680786133	129.92595666920374	35.17049789428711	19.4625244140625	0.07987187878787878
1340_de	de	0.9625	63.67140275835991	23.229145050048828	77.29604539164791	23.434953689575195	14.556722640991211	0.0639686524822695
1310_de	de	0.9591836734693877	50.6877562713623	35.498090744018555	50.6877562713623	35.498090744018555	14.003609657287598	0.07413718820861678
809_de	de	0.9690721649484536	47.15518267130114	23.092344284057617	58.584899746641824	23.325342178344727	13.854385375976562	0.11955239852398523
1061_de	de	0.9555555555555556	35.841615110963254	25.703125	35.841615110963254	25.703125	14.644989013671875	0.07380841983852365
119_de	de	0.974025974025974	88.05327766369551	40.364227294921875	88.05327766369551	40.364227294921875	19.044694900512695	0.06227482269503546
1214_de	de	0.9876543209876543	52.417288156203284	26.839439392089844	68.61292455254531	26.884641647338867	14.91907024383545	0.061528551912568306
1307_de	de	0.9736842105263158	85.81534722563508	30.885066986083984	85.81534722563508	30.885066986083984	16.747915267944336	0.06913187772925765
1217_de	de	0.963855421686747	76.53161818356742	31.68838405609131	76.53161818356742	31.68838405609131	17.32419204711914	0.08563789764868604
602_de	de	0.9811320754716981	29.206973145592887	18.558667182922363	nan	18.618534088134766	11.583284378051758	0.0864560157790927
758_de	de	0.9781021897810219	35.9401853484829	26.518598556518555	43.82039102955141	26.600133895874023	14.324786186218262	0.0872686165273909
1121_de	de	0.9552238805970149	54.23935355859644	24.231785774230957	54.23935355859644	24.231785774230957	14.315622329711914	0.10161886446886446
1196_de	de	0.9629629629629629	31.699997693842107	25.54879379272461	31.699997693842107	25.54879379272461	12.584455490112305	0.0817812015503876
668_de	de	0.9770114942528736	73.20384651491011	34.27626991271973	114.93543837411063	34.3709716796875	19.818679809570312	0.09061889103803998
1457_de	de	0.9436619718309859	93.71953576140933	37.97378349304199	93.71953576140933	37.97378349304199	18.87260627746582	0.0661303317535545
1517_de	de	0.9587628865979382	102.20089985194959	28.5927791595459	192.13014227516797	31.6932373046875	17.447900772094727	0.06992303921568628
563_de	de	0.9782608695652174	58.055586538007184	29.451019287109375	58.055586538007184	29.451019287109375	18.266855239868164	0.07861142191142191
1730_de	de	0.9557522123893806	61.995081310778595	34.51964569091797	90.1197025650426	34.947195053100586	24.620094299316406	0.06571342857142858
572_de	de	0.9883720930232558	50.174397698764146	33.903221130371094	50.174397698764146	33.903221130371094	14.222835540771484	0.048685
980_de	de	0.9253731343283582	76.42940731266982	26.982561111450195	nan	27.852876663208008	17.821544647216797	0.08492222222222222
665_de	de	0.953125	60.78719492564126	29.167503356933594	nan	37.09931182861328	15.414650917053223	0.0719045768566494
797_de	de	0.987012987012987	75.00948073313786	41.14449691772461	75.00948073313786	41.14449691772461	23.281389236450195	0.0785930612244898
422_de	de	0.9719626168224299	45.28679632472101	27.223073959350586	82.40728714289489	27.39283847808838	15.043665885925293	0.05741609195402299
794_de	de	0.9775280898876404	61.46856220074872	33.35264587402344	61.46856220074872	33.35264587402344	19.356895446777344	0.10763027405991077
359_de	de	0.9126984126984127	71.78072667694092	42.92401123046875	nan	43.94793701171875	19.649669647216797	0.08513663366336634
1655_de	de	0.9611650485436893	38.539501685362595	22.517937660217285	38.539501685362595	22.517937660217285	14.85856819152832	0.06156471226927253
539_de	de	0.9424460431654677	39.086776171411785	24.088157653808594	39.086776171411785	24.088157653808594	15.198285102844238	0.08131913116123643
1764_de	de	0.9318181818181818	70.89406069744838	28.604785919189453	70.89406069744838	28.604785919189453	15.866257667541504	0.07414364508393285
791_de	de	0.9724137931034482	81.624077783872	29.630393981933594	81.624077783872	29.630393981933594	15.254517555236816	0.06443082437275986
1163_de	de	0.9402985074626866	39.025761506136725	27.604477882385254	39.025761506136725	27.604477882385254	16.29875946044922	0.07342234234234234
1262_de	de	0.9724770642201835	58.96857011101463	39.786643981933594	58.96857011101463	39.786643981933594	20.44843101501465	0.055558111111111114
698_de	de	0.9722222222222222	47.00212343898388	31.97083854675293	47.00212343898388	31.97083854675293	15.679664611816406	0.07027089627391743
77_de	de	0.9425287356321839	45.32754669406197	32.695960998535156	45.32754669406197	32.695960998535156	19.359174728393555	0.076958203125
941_de	de	0.974025974025974	40.05411877170686	31.032047271728516	40.05411877170686	31.032047271728516	18.635211944580078	0.0669969298245614
1127_de	de	0.9873417721518988	34.93580693602562	25.27542018890381	34.93580693602562	25.27542018890381	14.276368141174316	0.0651201037613489
1379_de	de	0.9447852760736196	336.04341747278085	49.183780670166016	nan	50.12330436706543	17.25370979309082	0.07893913043478261
500_de	de	0.948051948051948	49.27870645278539	31.86756134033203	49.27870645278539	31.86756134033203	15.56099796295166	0.07525089285714286
410_de	de	0.9320388349514563	42.753074706179426	27.342891693115234	nan	27.50554847717285	17.386703491210938	0.058429569892473124
431_de	de	0.9850746268656716	36.612357658498425	26.97435474395752	36.612357658498425	26.97435474395752	13.651942253112793	0.0556430303030303
1301_de	de	0.9655172413793104	45.13998681407864	36.5466194152832	45.13998681407864	36.5466194152832	12.185654640197754	0.05671022727272727
1589_de	de	0.99	57.11158874511719	27.679268836975098	58.07925294177367	27.690616607666016	15.03820514678955	0.08637244283995187
1472_de	de	0.925	34.86127754493996	30.31212043762207	34.86127754493996	30.31212043762207	15.208822250366211	0.05499059474412171
1755_de	de	0.9640718562874252	117.30015823954628	32.37308311462402	117.30015823954628	32.37308311462402	23.81169891357422	0.06686704907584448
1454_de	de	0.922077922077922	38.18081523821904	32.72716522216797	38.18081523821904	32.72716522216797	14.496252059936523	0.07207053941908714
503_de	de	0.9339622641509434	38.01464887834945	26.01033115386963	47.251239393359036	26.247943878173828	14.673564910888672	0.04018415492957746
1676_de	de	0.9764705882352941	36.392441028772396	25.136500358581543	36.392441028772396	25.136500358581543	13.406949996948242	0.09250427672955976
785_de	de	0.9722222222222222	52.19402676944075	32.445655822753906	52.19402676944075	32.445655822753906	19.955642700195312	0.08590797788309636
611_de	de	0.9775280898876404	37.808261919021604	26.29649829864502	37.808261919021604	26.29649829864502	13.735931396484375	0.06266285714285715
482_de	de	0.9692307692307692	85.41922320741595	39.5272102355957	85.41922320741595	39.5272102355957	18.597143173217773	0.09024662698412698
146_de	de	0.9830508474576272	39.27579424381256	28.950995445251465	39.27579424381256	28.950995445251465	16.411897659301758	0.0631427807486631
1094_de	de	0.9772727272727273	104.93081278150731	39.52410888671875	103.80777317218566	39.3981819152832	20.013729095458984	0.044657333333333334
1481_de	de	0.9285714285714286	39.00097237170582	31.138656616210938	39.00097237170582	31.138656616210938	16.52019500732422	0.08029265091863516
257_de	de	0.9789473684210527	46.96022778749466	39.349660873413086	46.96022778749466	39.349660873413086	16.667438507080078	0.09622702702702703
545_de	de	0.9672131147540983	49.06190177260852	32.70277786254883	nan	32.97057342529297	16.643632888793945	0.06669668508287294
590_de	de	0.9666666666666667	86.35439621034216	51.12297058105469	86.35439621034216	51.12297058105469	15.011650085449219	0.07787156862745098
71_de	de	0.9607843137254902	46.83103966712952	31.15173053741455	56.89054020168712	31.394615173339844	18.049787521362305	0.09042330917874396
1562_de	de	0.958904109589041	29.727205005851953	21.99085235595703	29.727205005851953	21.99085235595703	9.604560852050781	0.10633847222222223
953_de	de	0.9456521739130435	36.85810204987885	26.978046417236328	36.85810204987885	26.978046417236328	16.763296127319336	0.07113490990990991
1280_de	de	0.97	63.71560772895813	29.277731895446777	468.76336470688926	29.589263916015625	14.770028114318848	0.06705615942028986
599_de	de	0.9675324675324676	184.36757088322793	25.130708694458008	184.36757088322793	25.130708694458008	15.022025108337402	0.07759765258215962
1697_de	de	0.97	58.1385543464434	40.51643371582031	58.1385543464434	40.51643371582031	16.853694915771484	0.05147266881028938
1538_de	de	0.9770992366412213	40.739306724432744	28.712904930114746	40.739306724432744	28.712904930114746	16.26091957092285	0.08129904761904762
1571_de	de	0.9719626168224299	33.01249506296935	27.53115177154541	33.01249506296935	27.53115177154541	14.78184700012207	0.045445535714285716
377_de	de	0.9861111111111112	80.27129695840078	35.32683563232422	80.27129695840078	35.32683563232422	16.880413055419922	0.063197695035461
1364_de	de	0.8918918918918919	54.20101918114556	34.544260025024414	nan	nan	19.3713321685791	0.08673881481481481
536_de	de	0.9743589743589743	60.55358596994907	32.04048538208008	60.55358596994907	32.04048538208008	18.949756622314453	0.07435524934383202
1139_de	de	0.9714285714285714	62.45375398850777	38.94845199584961	62.45375398850777	38.94845199584961	17.11335563659668	0.07184312714776632
1148_de	de	0.9342105263157895	43.36995587850872	35.501068115234375	43.73366310070087	35.52422332763672	17.453941345214844	0.0750900900900901
389_de	de	0.93	40.61210168706309	31.962112426757812	40.61210168706309	31.962112426757812	15.968445777893066	0.05694880546075085
1406_de	de	0.96	40.3632449388504	31.56637191772461	40.94992881718248	31.714107513427734	14.505133628845215	0.08434290780141844
1779_de	de	0.9615384615384616	41.99225148304488	17.164209365844727	nan	17.39886474609375	10.790914535522461	0.10572540453074433
869_de	de	0.9603960396039604	39.368377218059464	24.998103141784668	39.368377218059464	24.998103141784668	13.944183349609375	0.07634066471163245
350_de	de	0.9487179487179487	48.84252989090095	36.401926040649414	48.84252989090095	36.401926040649414	18.115964889526367	0.06615141242937853
1187_de	de	0.9595959595959596	36.26087994575501	28.875012397766113	36.26087994575501	28.875012397766113	14.453068733215332	0.052912795698924736
347_de	de	0.9680851063829787	39.360967605992364	25.84610366821289	39.360967605992364	25.84610366821289	15.260025024414062	0.06420917874396136
455_de	de	0.9605263157894737	25.041068002775116	19.31146240234375	25.041068002775116	19.31146240234375	11.495537757873535	0.0893838056680162
122_de	de	0.9864864864864865	52.082803344726564	35.79805374145508	52.082803344726564	35.79805374145508	16.10506820678711	0.08448
788_de	de	0.983739837398374	39.5812179053702	30.211551666259766	39.337946299583685	30.097081184387207	15.641714096069336	0.09281111111111111
1595_de	de	0.9659090909090909	42.29673652434617	31.22929573059082	42.29673652434617	31.22929573059082	16.56139373779297	0.0837671834625323
581_de	de	0.9122807017543859	62.07497042623059	37.93267631530762	62.07497042623059	37.93267631530762	15.01237964630127	0.045575198412698414
1700_de	de	0.9637681159420289	46.031749963760376	32.7392692565918	46.031749963760376	32.7392692565918	18.195659637451172	0.0822282967032967
479_de	de	0.9818181818181818	39.43000725832852	23.311123847961426	67.97839700853503	23.589183807373047	15.082938194274902	0.08010031055900621
29_de	de	0.9722222222222222	41.02641010937626	30.84137535095215	41.02641010937626	30.84137535095215	17.499492645263672	0.060805790297339596
1433_de	de	0.96	45.950615669551645	35.14571571350098	45.950615669551645	35.14571571350098	15.861039161682129	0.0784535303776683
635_de	de	0.9536423841059603	102.58653785705566	30.891328811645508	114.07406995170994	31.1358585357666	19.90740394592285	0.06034335664335664
656_de	de	0.9675324675324676	40.30385616228178	28.106216430664062	40.73677202655423	28.179733276367188	17.739198684692383	0.05478059499661934
1259_de	de	0.9672131147540983	49.694414666441624	28.771202087402344	58.084144836518824	28.959957122802734	16.822792053222656	0.07873969610636278
161_de	de	0.97	37.403068906009786	26.839439392089844	37.403068906009786	26.839439392089844	14.661881446838379	0.06623804475853945
1277_de	de	0.95	225.11933623552324	46.161067962646484	269.64378103797816	46.353302001953125	18.15708351135254	0.06988569254185693
398_de	de	0.9	68.14759212816266	50.529632568359375	68.14759212816266	50.529632568359375	21.435945510864258	0.05489713804713804
74_de	de	0.9550561797752809	67.21307908787446	24.695344924926758	70.68605038854811	26.06132698059082	14.774292945861816	0.05849917012448133
821_de	de	0.9421965317919075	48.0720947918139	29.999122619628906	81.80637434433247	30.16565990447998	15.025274276733398	0.07445160116448325
299_de	de	0.9759036144578314	39.770598161788214	31.805049896240234	39.770598161788214	31.805049896240234	16.76481056213379	0.056007549857549854
1193_de	de	0.972972972972973	40.68447511962482	28.0455379486084	40.68447511962482	28.0455379486084	15.012430191040039	0.06402921568627451
530_de	de	0.9669421487603306	55.46015122705255	37.33736801147461	55.04638185266589	37.30532264709473	17.96366310119629	0.07673136033229491
125_de	de	0.9494949494949495	108.84309473991394	33.58973503112793	108.84309473991394	33.58973503112793	18.635108947753906	0.05921186017478153
1220_de	de	0.9615384615384616	69.46094674884148	41.385799407958984	69.46094674884148	41.385799407958984	16.368743896484375	0.043065268065268066
650_de	de	0.9655172413793104	45.185946399218416	30.70550537109375	45.185946399218416	30.70550537109375	16.475648880004883	0.07128351648351648
1553_de	de	0.9888888888888889	35.13549368198101	29.190322875976562	35.13549368198101	29.190322875976562	13.067827224731445	0.10205124716553288
1304_de	de	0.9512195121951219	43.21738548163908	28.060991287231445	43.21738548163908	28.060991287231445	16.037817001342773	0.059917200000000004
335_de	de	0.9836065573770492	97.54233207468127	34.2945499420166	111.3029732471559	34.37053680419922	18.22235107421875	0.07292556538839724
749_de	de	0.9846153846153847	509.9988989609938	37.752403259277344	505.43767102559406	37.9921989440918	16.985427856445312	0.08221111111111111
305_de	de	0.9736842105263158	53.18825533908346	27.86017608642578	53.18825533908346	27.86017608642578	18.122098922729492	0.08889189497716894
524_de	de	0.9880952380952381	47.34743196824018	37.037322998046875	47.34743196824018	37.037322998046875	17.82486343383789	0.06197830687830688
491_de	de	0.9491525423728814	71.72818887335623	26.777612686157227	84.34420860514922	26.839439392089844	17.074565887451172	0.08200505952380951
632_de	de	0.9790209790209791	41.20184369550811	28.930044174194336	41.20184369550811	28.930044174194336	16.354042053222656	0.06022655826558266
1643_de	de	0.9629629629629629	59.247146685918175	21.41171932220459	69.4124706250812	21.630903244018555	12.939727783203125	0.08042239263803681
1370_de	de	0.9714285714285714	62.69164611708443	27.12162208557129	62.69164611708443	27.12162208557129	13.712173461914062	0.09654020512820513
1313_de	de	0.9552238805970149	86.2124197660987	48.9213752746582	100.03767585754395	49.24727249145508	21.076433181762695	0.06392108843537415
578_de	de	0.9558823529411765	283.55201582977736	27.130477905273438	283.55201582977736	27.130477905273438	18.343521118164062	0.09071435643564357
1610_de	de	0.9647058823529412	56.58406285352485	36.00138473510742	56.58406285352485	36.00138473510742	16.736438751220703	0.07022396694214876
149_de	de	0.9213483146067416	82.04375210867988	29.14306640625	82.04375210867988	29.14306640625	18.042613983154297	0.07605670650730412
956_de	de	0.987012987012987	51.42638002100744	30.48311710357666	nan	21.567001342773438	17.074260711669922	0.06487070254110612
743_de	de	0.9907407407407407	43.66776639110637	28.616991996765137	75.69241597236844	28.98614501953125	16.169952392578125	0.0824745238095238
425_de	de	0.9692307692307692	54.84735708525687	30.5101900100708	54.84735708525687	30.5101900100708	14.59961986541748	0.06934891122278057
515_de	de	0.9571428571428572	87.86209098386092	39.22127151489258	87.86209098386092	39.22127151489258	16.56812286376953	0.06577283333333334
1727_de	de	0.9318181818181818	98.06753467691355	33.06361389160156	109.80091204268209	34.433555603027344	15.036064147949219	0.07502588235294118
251_de	de	0.9671052631578947	39.40659777323405	29.74466896057129	39.40659777323405	29.74466896057129	14.2763032913208	0.06989849170437405
1412_de	de	0.9512195121951219	52.21440849534	30.94635581970215	52.21440849534	30.94635581970215	17.274242401123047	0.07621338912133892
1112_de	de	0.9166666666666666	56.93995565297652	38.222232818603516	56.93995565297652	38.222232818603516	13.965553283691406	0.08052364066193854
1490_de	de	0.952755905511811	49.93462984580693	25.113805770874023	82.42995637655258	25.25673770904541	13.52552604675293	0.0937204481792717
302_de	de	0.9120879120879121	64.37059124747475	35.22091293334961	81.30589280957761	35.81008720397949	16.322521209716797	0.03866388888888889
296_de	de	0.9902912621359223	37.81580305099487	29.909661293029785	37.81580305099487	29.909661293029785	16.898517608642578	0.058133451536643024
1523_de	de	0.989247311827957	36.819554876773914	24.374156951904297	36.819554876773914	24.374156951904297	14.261712074279785	0.06777091503267973
1646_de	de	0.956989247311828	126.83226266313106	34.33871078491211	126.83226266313106	34.33871078491211	18.138408660888672	0.06012421281216069
854_de	de	0.956989247311828	43.30597911855226	30.531539916992188	87.62545195538947	30.681641578674316	16.467390060424805	0.05298860294117647
28_de	de	0.8651685393258427	49.67165754522596	36.48813056945801	105.88609804047479	38.478111267089844	15.289468765258789	0.1080663768115942
761_de	de	0.9782608695652174	82.87277474274507	37.814109802246094	82.87277474274507	37.814109802246094	18.063335418701172	0.08849142108709888
488_de	de	0.9880952380952381	31.256695225659538	26.093463897705078	31.256695225659538	26.093463897705078	15.124234199523926	0.06535812324929972
830_de	de	0.9724770642201835	70.38055340449016	31.956941604614258	86.92284939505838	32.04611015319824	17.14510154724121	0.06681437908496732
527_de	de	0.979381443298969	41.9606615767187	31.237457275390625	41.9606615767187	31.237457275390625	15.142621040344238	0.09930948905109489
755_de	de	0.9901960784313726	41.28664232457726	30.806312561035156	41.28664232457726	30.806312561035156	15.093070983886719	0.06431938232161874
1511_de	de	0.9902912621359223	42.25507028744771	24.207645416259766	42.25507028744771	24.207645416259766	12.611953735351562	0.07767246376811593
1625_de	de	0.9690721649484536	31.525648941596348	23.483078956604004	43.22656817338905	23.801687240600586	15.533027648925781	0.07081285140562249
137_de	de	1.0	38.286909055228186	27.003406524658203	38.01696125030517	26.940425872802734	15.699834823608398	0.08047423687423687
1559_de	de	0.9682539682539683	40.36060693487525	32.22788429260254	40.36060693487525	32.22788429260254	16.476076126098633	0.05751443298969072
1142_de	de	0.967032967032967	51.35770433551662	34.271461486816406	53.291540648626246	34.64679527282715	21.092092514038086	0.057299084967320266
1547_de	de	0.9529411764705882	35.817284545233086	26.244140625	35.817284545233086	26.244140625	13.281906127929688	0.06410050314465408
68_de	de	0.9790209790209791	43.77409925394588	29.585936546325684	43.77409925394588	29.585936546325684	15.80183219909668	0.07606193969030155
1316_de	de	0.9135802469135802	360.5357380972968	54.59083557128906	359.3843865161989	54.819257736206055	17.53826141357422	0.09292365145228217
1160_de	de	0.9705882352941176	33.15077167398789	27.63395118713379	35.69870042109835	27.651025772094727	16.224626541137695	0.07293067375886525
617_de	de	0.9836065573770492	34.251021938939246	25.68771457672119	34.251021938939246	25.68771457672119	12.19031810760498	0.06941918063314712
1166_de	de	0.9655172413793104	50.48502524424408	33.36932373046875	50.48502524424408	33.36932373046875	11.886154174804688	0.05594608378870674
1274_de	de	0.9692307692307692	49.90861788662997	35.45359802246094	49.90861788662997	35.45359802246094	17.03236961364746	0.058321875
428_de	de	0.9243697478991597	44.84899881507168	30.6243839263916	45.14437616666158	30.644746780395508	16.033796310424805	0.08845751028806585
1679_de	de	0.9603960396039604	51.20721933576796	33.202232360839844	9869.179414833294	33.53899002075195	18.14742660522461	0.06995494505494505
1439_de	de	0.9772727272727273	42.31489583940217	30.272720336914062	nan	172.6036834716797	17.28017807006836	0.08063518052057095
638_de	de	0.9593023255813954	53.466361690970025	38.6279296875	nan	29.412811279296875	18.06346893310547	0.07951369268897149
977_de	de	0.9612403100775194	51.173177829155556	28.05931854248047	51.173177829155556	28.05931854248047	14.435364723205566	0.09912635658914729
737_de	de	0.9837837837837838	124.5271111114249	34.328819274902344	175.57481732419743	35.14262771606445	15.08795166015625	0.07119802259887005
1103_de	de	0.9864864864864865	75.00898307800293	30.499942779541016	75.00898307800293	30.499942779541016	14.514476776123047	0.09804559748427673
518_de	de	0.9477611940298507	165.42097922937194	31.48301410675049	nan	31.74772834777832	17.3876895904541	0.0696230894308943
1211_de	de	0.9489795918367347	65.18201539913814	28.612874031066895	121.58000088701344	31.17604637145996	15.86612606048584	0.0466002442002442
731_de	de	0.9507042253521126	268.2725108761183	25.215027809143066	349.71680548974683	25.275644302368164	13.077167510986328	0.07587769423558897
1752_de	de	0.9473684210526315	103.48475775780616	40.22842788696289	103.48475775780616	40.22842788696289	15.513341903686523	0.058825160256410255
971_de	de	0.9307692307692308	57.13918844119523	27.438039779663086	64.76122675597213	27.929048538208008	14.346254348754883	0.07287444146559428
287_de	de	0.9806451612903225	48.21222346562605	29.021307945251465	48.21222346562605	29.021307945251465	13.761824607849121	0.06949662447257383
1652_de	de	0.9703703703703703	41.837072443079066	21.521350860595703	50.11229585198795	21.684679985046387	13.666561126708984	0.06236056910569106
1205_de	de	0.9775280898876404	45.559325536092125	34.32795333862305	45.559325536092125	34.32795333862305	17.017501831054688	0.08978377976190477
779_de	de	0.9847328244274809	529.6900580471212	34.25003242492676	529.6900580471212	34.25003242492676	15.64719009399414	0.07700671704450042
176_de	de	0.9732142857142857	40.413736664088425	27.114299774169922	40.413736664088425	27.114299774169922	16.48969078063965	0.08918036809815952
605_de	de	0.96	36.3363828375788	29.357423782348633	36.3363828375788	29.357423782348633	15.913230895996094	0.07841791383219954
476_de	de	0.968421052631579	34.79380867878596	25.480687141418457	34.79380867878596	25.480687141418457	15.453255653381348	0.08244611872146118
1346_de	de	0.9647058823529412	36.75816512662311	27.453121185302734	36.75816512662311	27.453121185302734	15.811433792114258	0.08163394607843137
1028_de	de	0.9487179487179487	83.15133953094482	26.814603805541992	82.82684331829265	26.827021598815918	15.770284652709961	0.08341220238095237
746_de	de	0.9620253164556962	92.33090761772492	29.240684509277344	92.33090761772492	29.240684509277344	15.799379348754883	0.06308431771894094
236_de	de	0.972972972972973	48.08694597244263	28.121858596801758	48.08694597244263	28.121858596801758	18.42829132080078	0.07906071987480438
494_de	de	0.978494623655914	52.8457799566553	42.18471336364746	52.8457799566553	42.18471336364746	16.42344856262207	0.08015914786967418
419_de	de	0.975609756097561	88.5050188030105	31.380210876464844	88.5050188030105	31.380210876464844	18.41357421875	0.08552625368731563
1421_de	de	0.9411764705882353	45.19701128739577	31.789055824279785	45.19701128739577	31.789055824279785	21.781295776367188	0.08186546184738956
1451_de	de	0.9642857142857143	59.79017036662382	43.050514221191406	59.79017036662382	43.050514221191406	17.215559005737305	0.07612622036262204
1058_de	de	0.9863013698630136	49.130292402731406	41.19182586669922	49.130292402731406	41.19182586669922	24.364917755126953	0.06426338259441708
401_de	de	0.9479166666666666	58.18997351825237	31.130654335021973	57.758358753833576	30.90281105041504	16.073843002319336	0.05860380228136882
620_de	de	0.9381443298969072	66.6125900696735	48.165571212768555	66.6125900696735	48.165571212768555	20.148344039916992	0.08636743002544528
437_de	de	0.9901960784313726	41.50586150456401	28.551218032836914	41.50586150456401	28.551218032836914	12.807029724121094	0.07814205495818399
89_de	de	0.9310344827586207	183.74222588943223	32.33673095703125	183.74222588943223	32.33673095703125	21.935657501220703	0.10799980276134123
290_de	de	0.9714285714285714	34.09715030778129	23.520792961120605	34.09715030778129	23.520792961120605	11.777066230773926	0.06826981132075473
968_de	de	0.9819819819819819	54.68545180559158	34.37208557128906	54.68545180559158	34.37208557128906	15.885895729064941	0.056026074498567335
1136_de	de	0.963855421686747	33.52233695983887	24.687179565429688	47.01930266334897	24.736862182617188	13.963568687438965	0.060774871794871795
596_de	de	0.9722222222222222	32.76434983147515	24.92460823059082	46.53027657286761	24.95176124572754	11.732502937316895	0.06615212121212122
1724_de	de	0.9827586206896551	70.38453217796658	33.229942321777344	71.70177878273859	34.73712921142578	20.129405975341797	0.10100121412803532
710_de	de	0.9647887323943662	43.98322685781893	25.81148910522461	43.98322685781893	25.81148910522461	14.579774856567383	0.06506362823949956
485_de	de	0.9358974358974359	53.62890026237391	36.59005355834961	53.62890026237391	36.59005355834961	16.376800537109375	0.08494513888888888
320_de	de	1.0	37.27913034135017	32.60237121582031	37.27913034135017	32.60237121582031	16.103816986083984	0.07894271844660194
1100_de	de	0.9777777777777777	46.81031667269193	32.421234130859375	46.81031667269193	32.421234130859375	16.776798248291016	0.06762208994708994
614_de	de	0.9774436090225563	117.85239937056356	40.93890571594238	117.85239937056356	40.93890571594238	21.7285099029541	0.0726088376560999
722_de	de	0.9855072463768116	60.58170659593541	38.569923400878906	60.58170659593541	38.569923400878906	20.447772979736328	0.08860570948782537
944_de	de	0.9578947368421052	90.03890326122443	30.061015129089355	90.03890326122443	30.061015129089355	16.139009475708008	0.06396156583629893
1331_de	de	0.9722222222222222	49.53315316814266	27.595611572265625	49.53315316814266	27.595611572265625	16.135700225830078	0.0879085346215781
1592_de	de	0.970873786407767	28.55959392969425	21.74480628967285	28.55959392969425	21.74480628967285	13.655071258544922	0.06214277777777778
554_de	de	0.9772727272727273	53.455634285103194	29.919475555419922	120.09953384720878	30.115516662597656	16.922090530395508	0.08847476759628153
662_de	de	0.9700598802395209	59.07490232319175	27.407808303833008	59.96706275712876	27.434431076049805	18.129549026489258	0.07191208418194162
311_de	de	0.9333333333333333	41.62228450670347	25.491132736206055	41.62228450670347	25.491132736206055	15.801376342773438	0.08912678062678063
950_de	de	0.9761904761904762	38.377905920734555	25.363544464111328	38.377905920734555	25.363544464111328	14.777135848999023	0.06672860696517413
464_de	de	0.9375	69.06657804761615	42.535322189331055	nan	42.73513412475586	19.71169090270996	0.1075087786259542
446_de	de	0.9850746268656716	52.2483977430007	36.02566146850586	52.2483977430007	36.02566146850586	15.77806568145752	0.08647709497206704
1130_de	de	0.9620253164556962	34.66360914707184	22.04717254638672	34.66360914707184	22.04717254638672	12.374876976013184	0.08559041994750656
932_de	de	0.9565217391304348	42.91599519647283	27.732524871826172	42.91599519647283	27.732524871826172	15.52983570098877	0.06373697270471464
1355_de	de	0.974025974025974	109.51361400041824	31.715646743774414	109.51361400041824	31.715646743774414	17.04541015625	0.061660219478738
1508_de	de	0.9696969696969697	32.878819152490415	26.191808700561523	32.878819152490415	26.191808700561523	12.491828918457031	0.0663221198156682
314_de	de	0.9722222222222222	42.905987669568546	23.462207794189453	42.905987669568546	23.462207794189453	12.367116928100586	0.10205569105691056
254_de	de	0.9452054794520548	58.978190434945596	35.78956413269043	58.978190434945596	35.78956413269043	20.854644775390625	0.06013633156966491
764_de	de	0.9565217391304348	86.40723030117975	29.222259521484375	94.18320314832728	29.249956130981445	16.189144134521484	0.07858365296803653
344_de	de	0.97	42.38013436317444	29.31608295440674	47.397123214041834	29.354482650756836	17.565990447998047	0.05789343065693431
1271_de	de	0.9605263157894737	62.31589140210833	33.08328628540039	62.31589140210833	33.08328628540039	17.296552658081055	0.0800351851851852
701_de	de	0.9760479041916168	46.19625764233725	29.941561698913574	46.19625764233725	29.941561698913574	17.94866943359375	0.06082353770260747
653_de	de	0.961038961038961	54.38850230173348	35.194435119628906	62.71640897566272	35.32313919067383	20.669902801513672	0.08318596491228071
167_de	de	0.9818181818181818	47.44916562776308	34.97809600830078	47.44916562776308	34.97809600830078	15.415558815002441	0.07027293844367015
1574_de	de	0.978021978021978	75.51688240922016	37.503662109375	75.51688240922016	37.503662109375	22.847841262817383	0.08203546576879911
1232_de	de	0.9354838709677419	45.70441465529184	31.83808708190918	45.70441465529184	31.83808708190918	15.060446739196777	0.05002233169129721
560_de	de	0.963855421686747	34.240996712730045	25.621907234191895	34.240996712730045	25.621907234191895	13.647734642028809	0.06431188524590165
