article_id	language	appl_filtered_mean	appl_filtered_median	appl_full_mean	appl_full_median
944	en	382.5891968433122	65.69747924804688	889.55180078478	66.42951583862305
25	en	392.0988382021586	84.5443000793457	2882.963337274122	90.0834732055664
254	en	628.5829078609294	80.28192520141602	3001.999486217896	90.45076751708984
1166	en	84.74644239325272	56.79712104797363	970.8611395699637	56.89808654785156
410	en	226.10263895988464	51.9255428314209	4252.596952571588	53.105764389038086
1652	en	554.5181887255775	85.4291877746582	nan	nan
980	en	1112.2275093822946	77.44768524169922	nan	130.77227783203125
1148	en	657.9487639523427	104.78112030029297	1592.1512573225457	106.06968688964844
488	en	162.08547952257354	67.83065795898438	744.5939636719532	69.03630828857422
1601	en	210.93020830615873	50.87252426147461	nan	54.77790641784668
422	en	247.4471296926183	67.78109741210938	1433.7614490567273	71.20812225341797
302	en	172.2819196994488	86.73456954956055	4766.640887192318	95.75033569335938
1451	en	168.70434727911223	76.44578170776367	741.3671521339096	77.00212097167969
314	en	82.42274020268367	50.333845138549805	609.8121822530574	52.32310676574707
161	en	554.8466294303773	52.940643310546875	3793.8265913169803	55.92719268798828
1406	en	128.87926849838374	78.39425659179688	841.0556704106222	78.71601867675781
110	en	248.84340446100296	83.61466979980469	nan	5.88554048538208
1724	en	137.68849537996638	75.29086303710938	592.2077595774333	76.34175491333008
1127	en	123.47973814717045	56.23253631591797	nan	nan
551	en	114.10099000930786	54.62137985229492	nan	nan
752	en	397.53439756326895	68.19071197509766	nan	68.69371032714844
149	en	120.4323566602624	75.8580322265625	747.3419831756853	76.01490020751953
29	en	131.3826790705766	55.85068130493164	2941.540914832421	58.6939640045166
635	en	281.15269118131596	67.63592910766602	nan	152.0718994140625
458	en	141.17883225679398	67.0142822265625	982.8380827844878	69.79688262939453
1241	en	300.6080353237758	74.73636627197266	nan	85.59329223632812
419	en	464.9474846059626	78.79339981079102	6223.92651086018	88.10396957397461
1544	en	177.5015892263961	59.51531219482422	1098.2864072773907	60.19708061218262
815	en	444.5422358007992	61.53314208984375	nan	166.78048706054688
347	en	232.27675944227514	87.02825164794922	2417.3431725614655	88.01331329345703
122	en	209.06738828695737	78.73204803466797	1276.8180908933978	79.95954132080078
719	en	342.8182044352515	69.21486282348633	nan	70.73484802246094
1742	en	305.2221683614394	86.591064453125	1782.51708637106	96.91270446777344
1112	en	458.5408376014396	66.94744873046875	1389.652974510193	67.08597564697266
581	en	692.3005667176358	74.94586563110352	nan	77.43967819213867
536	en	178.70854901731684	101.45066833496094	940.4189054171244	101.49357223510742
1727	en	220.70385641521878	72.72017669677734	2787.6979610111403	75.92951202392578
1115	en	115.4571833156404	48.050018310546875	3773.9042576675984	51.87701606750488
1547	en	349.90883457862725	59.77482223510742	2802.5933881190517	66.01752662658691
1274	en	112.81801522055338	63.126556396484375	nan	nan
1812	en	339.8855982241423	92.99525451660156	nan	172.8000030517578
1301	en	106.70434965585407	76.84895324707031	992.533879205778	79.24893188476562
710	en	286.85569338365036	46.211578369140625	994.6421017344994	48.06132125854492
809	en	380.754141850258	83.21403884887695	nan	94.46631240844727
560	en	223.75114533424377	61.50248336791992	nan	67.32323455810547
1770	en	309.2885482798923	80.9522476196289	2686.779202036805	85.78325271606445
1289	en	256.73518754754747	78.90836334228516	nan	79.2273178100586
1313	en	571.0572859511084	113.29801940917969	nan	118.80680465698242
1655	en	395.83941262467465	55.9625129699707	nan	nan
116	en	349.97462285798173	99.38118743896484	3686.453874336494	113.40728759765625
1779	en	468.4707988044362	65.68281173706055	1650.9982570501475	66.87126159667969
500	en	118.26589243752616	61.68702697753906	859.5410254001617	62.294416427612305
767	en	208.0326147244845	75.68562316894531	695.3849606947465	75.78785705566406
455	en	307.23889685225214	59.48628616333008	3288.0321489016214	62.32113265991211
233	en	125.97560252259109	57.27212142944336	nan	nan
497	en	99.03024697797052	48.44378662109375	566.2668762794913	48.515296936035156
1550	en	186.092769660572	72.7256088256836	1051.54966824726	73.1823959350586
620	en	271.50694325432846	117.01224517822266	1789.2201602235973	119.32830047607422
947	en	1194.7177581101835	89.54843139648438	4474.31929837243	96.94778442382812
485	en	1326.682346166349	84.47861099243164	1977.059975087064	84.69418334960938
1592	en	195.1048802976255	72.56342315673828	nan	80.00228881835938
1280	en	331.40914512059044	58.30853080749512	nan	nan
1529	en	468.18843965945035	59.92223358154297	8047.886918599488	62.39173889160156
1253	en	179.3362332966702	59.52518844604492	nan	59.831695556640625
338	en	351.0280466411837	78.71601867675781	nan	74.58563232421875
1181	en	99.37545236440805	60.085750579833984	1132.9542807376747	60.986045837402344
176	en	649.4040670453767	86.75216293334961	1177.46083761851	87.27680206298828
713	en	345.15588551708777	89.54655456542969	nan	97.41213989257812
1625	en	125.57526720516266	56.11269187927246	747.2381078787148	56.79715538024902
1058	en	471.1053167459916	86.44129943847656	4055.301291248586	89.90401458740234
1679	en	1148.4097217643348	82.93451690673828	2493.5234894013743	84.72010040283203
1622	en	477.7392656666458	76.15567016601562	nan	nan
1457	en	208.67706262364106	74.06669616699219	1450.9981651396122	76.8014144897461
1424	en	313.28162693254876	95.95684814453125	1693.8452023893299	99.35479736328125
395	en	114.52082031138622	66.76163482666016	608.7313804902892	66.8916130065918
71	en	234.58537433942158	68.47972106933594	1503.0805765533448	77.19056701660156
1421	en	476.27757312986586	84.7016372680664	1513.7309266691623	88.09498977661133
512	en	205.7227062884672	77.51182174682617	nan	50.24627685546875
656	en	152.471822495894	58.057716369628906	2723.162213516235	62.009111404418945
1262	en	197.98372602462769	91.28205871582031	681.0872324003395	91.66130065917969
1217	en	270.9669281369164	78.71601867675781	1998.9401051909836	80.83404541015625
509	en	198.22662065740218	81.64849853515625	nan	57.196163177490234
638	en	196.4900462656136	90.13875579833984	nan	66.82252502441406
1190	en	167.6178930177601	75.51090240478516	1703.2886022804057	76.4787368774414
578	en	572.4734457074379	87.10643005371094	1927.419469597316	93.08384704589844
1139	en	163.19981241226196	48.87993812561035	1136.8935184089505	49.79226493835449
617	en	104.04661351091721	55.53163719177246	104.04661351091721	55.53163719177246
1640	en	350.22103580595956	62.50534629821777	3351.7613107283337	69.66268920898438
152	en	318.43912845806483	113.38003540039062	1218.5421762533122	120.17500305175781
1535	en	186.49245573204254	56.458988189697266	1269.5038832844914	56.863555908203125
749	en	215.36618159946642	59.76200485229492	nan	nan
701	en	204.40997761731956	64.82176208496094	5582.037376414405	70.77645111083984
524	en	1012.5217507181089	82.6534652709961	nan	nan
335	en	279.6143023702833	102.53994750976562	1584.0123975880174	103.98377990722656
1364	en	309.43163858434207	74.44947052001953	nan	82.7852783203125
563	en	280.97993860547507	79.01177215576172	nan	18.201231002807617
1370	en	154.47702014703546	68.9852066040039	nan	113.35478973388672
350	en	231.39231444832808	78.8359146118164	479.476033000719	79.4149284362793
1388	en	203.48162149073002	63.89857864379883	5286.952320243373	78.56928253173828
1322	en	104.29686235931685	66.80413436889648	741.7854722905382	67.70628356933594
83	en	187.67510735911708	65.28971862792969	nan	68315.578125
662	en	482.3548252828342	95.27115631103516	nan	4796.69873046875
668	en	429.0602368436834	87.62942123413086	7053.145475651151	101.6436767578125
1688	en	916.6251699852221	66.82535171508789	1423.3842147597693	67.31666564941406
1121	en	201.675777728741	57.27212142944336	2183.825382112202	59.298126220703125
1517	en	218.40322255153282	88.62717819213867	897.0529507123507	91.12434005737305
353	en	749.7436262458118	52.93116569519043	2766.353497491466	62.80452346801758
548	en	94.17714325437007	63.27933120727539	731.7603299996563	63.27933120727539
1538	en	293.30360486545663	85.40522766113281	nan	95.07295989990234
1559	en	109.49642948877243	50.11554145812988	1437.9182337414134	54.383392333984375
1061	en	378.27537780708366	65.3697738647461	nan	66.25860595703125
782	en	155.4778037763411	83.29953384399414	724.3493674195657	83.31832122802734
641	en	217.3722746372223	78.00530624389648	nan	nan
290	en	80.64026225502812	42.207244873046875	nan	43.5875301361084
1352	en	210.79192832337708	76.0667495727539	nan	78.1351089477539
269	en	254.91315021386018	78.61941909790039	1005.4925697265132	79.38084411621094
305	en	571.8062519271199	175.34899139404297	nan	176.85415649414062
953	en	260.77921204255006	43.642784118652344	3123.5163743179455	47.299476623535156
404	en	82.99743832297948	66.66979217529297	671.2093407943331	67.00350189208984
1764	en	906.5233126090744	60.22031784057617	1866.6375331642214	60.6877555847168
311	en	208.38531687341887	70.06425857543945	nan	70.2160873413086
1553	en	142.72169802265782	63.838043212890625	751.2225270346989	65.09542846679688
263	en	130.08481585673798	85.4106559753418	130.08481585673798	85.4106559753418
437	en	1615.6978841000293	56.18642044067383	2405.1969313843306	57.345306396484375
143	en	210.3255072593689	110.14689254760742	1051.13109513271	110.34510803222656
317	en	224.4214853190776	65.9632568359375	2218.865481791777	66.79555130004883
1478	en	113.19872556883713	65.02306747436523	113.19872556883713	65.02306747436523
695	en	211.92135455622474	64.22772979736328	nan	nan
359	en	159.01104365587236	83.7497673034668	654.4330776944572	85.45830917358398
1523	en	1098.532263390223	62.57247734069824	1654.0450391060065	62.67384719848633
590	en	131.13189429205818	67.13080596923828	1040.2578440348307	67.24996185302734
89	en	187.43870996545863	53.081260681152344	1111.882490113724	61.54498863220215
425	en	119.11494884490966	63.34949493408203	nan	74.18135833740234
1118	en	171.042860017504	79.02137756347656	399.22916491602507	79.32673645019531
1502	en	362.5004062730758	71.54943466186523	nan	nan
77	en	154.82458399843287	90.11675262451172	nan	nan
293	en	72.27164559750943	51.23431396484375	nan	56.034393310546875
440	en	315.840468117685	84.85126876831055	1595.9059799699223	85.24587631225586
791	en	1405.5532855402473	71.64520263671875	nan	49.518686294555664
1340	en	232.10411633763994	82.06559753417969	3203.6915572030202	92.00386810302734
932	en	154.49235285271843	53.335601806640625	904.9124225327666	54.69350051879883
647	en	139.53346033220168	54.81574630737305	nan	94110.21875
986	en	175.39420791105792	60.74923133850098	772.2168529231078	61.72945785522461
491	en	206.54117629299424	57.53848648071289	nan	63.996768951416016
1556	en	405.1421565845095	75.31500244140625	1469.8472125109504	78.30134582519531
479	en	1693.7203410114357	63.23580551147461	nan	109.36669921875
734	en	88.54279546628054	54.50953674316406	863.8500151200728	54.76816368103027
1001	en	1934.4405671150453	61.41469192504883	nan	63.04708480834961
1277	en	305.1190265137472	78.10791015625	305.1190265137472	78.10791015625
1232	en	201.38050717842287	61.3113899230957	1789.3405667136697	65.27091217041016
1346	en	179.78722522969832	69.95005798339844	915.8039991020138	71.10938262939453
773	en	329.62421316964287	71.39287567138672	nan	74.61505126953125
929	en	138.55490191777548	54.67728614807129	1690.8927878815196	56.620365142822266
413	en	390.1837825189557	66.80501174926758	1131.1527864260552	67.22784423828125
1028	en	424.48109776737124	72.2945556640625	985.9705994398074	72.61653137207031
611	en	181.67597659996576	81.69309997558594	nan	84.24186706542969
1643	en	339.7221793113871	71.03611755371094	nan	145.04840087890625
968	en	740.040087918051	88.96221160888672	nan	nan
737	en	1148.8356017123212	72.59623718261719	4141.808639182258	78.40662384033203
1676	en	105.67925852035808	49.47761154174805	776.157970161613	49.828269958496094
1493	en	695.63378841566	101.78369903564453	nan	119.6517562866211
74	en	415.7295596801628	97.16392517089844	nan	177.07440185546875
1304	en	481.22722683114523	96.11588668823242	nan	nan
503	en	474.15471118188674	72.004638671875	922.488066709725	73.00262451171875
1697	en	183.82149234894783	92.06698608398438	762.9964748592827	93.4969711303711
461	en	145.01167941093445	59.48672866821289	1030.3437111718315	60.77130126953125
167	en	327.8968391888578	77.10963821411133	nan	84.13821029663086
566	en	369.08002447171975	64.88982391357422	nan	18.083587646484375
539	en	122.22783241271972	59.348594665527344	605.3077803225744	59.447797775268555
1430	en	129.61544882576422	55.950082778930664	2533.721216289275	58.16630935668945
1160	en	417.27412413587473	101.45783233642578	nan	108.8479995727539
533	en	171.54773670009203	68.77496719360352	nan	73.34933090209961
1809	en	243.0395687977473	64.79916763305664	3521.1926735458374	67.19060516357422
260	en	74.13486563458162	47.06803894042969	74.13486563458162	47.06803894042969
704	en	173.11458007267544	69.98453521728516	nan	72.20513916015625
1310	en	118.76967243921189	67.46866607666016	118.76967243921189	67.46866607666016
1379	en	660.0090901881833	117.61470413208008	2406.9038783806127	123.10417556762695
368	en	382.43591813638176	76.22739028930664	1412.4285994152094	82.38922882080078
374	en	160.24425013169	80.58892440795898	160.24425013169	80.58892440795898
1394	en	434.07390597912905	128.80072021484375	1162.8835569138223	129.06890869140625
632	en	182.0212025136255	73.99740600585938	182.0212025136255	73.99740600585938
389	en	184.68068963539702	58.88235855102539	896.0104189309917	61.48650550842285
1403	en	316.72517054688694	101.1115951538086	1116.372151191418	102.2147216796875
1331	en	386.2541828858225	84.71033477783203	2994.2781172184027	87.96107482910156
506	en	147.85765156379114	79.66404342651367	1434.0410567229649	80.58598327636719
758	en	115.86869322231837	63.111310958862305	115.12870229220559	62.53718185424805
377	en	137.22690079060007	68.67699813842773	1561.953619003296	72.03987503051758
1433	en	147.13086112040395	75.61988830566406	1044.6580984308084	76.61075592041016
1511	en	255.88615319287337	56.87228775024414	2064.7101061480384	60.00464057922363
86	en	261.27242746353147	102.45019149780273	3177.5567764587404	103.73603057861328
818	en	398.694103188471	49.431861877441406	566.0502623652553	52.666961669921875
125	en	1097.1451898073628	84.33016967773438	2681.1231049679695	87.81079864501953
1806	en	513.0805036885952	53.44819259643555	nan	nan
1196	en	139.66543748405542	53.01833724975586	897.1755784564548	53.249549865722656
1562	en	453.1516187793606	73.05402374267578	2934.7051260151816	83.2549819946289
665	en	143.13955030702564	70.27942657470703	3445.5657553418478	71.95088195800781
449	en	127.87125508398073	71.09263610839844	765.0875392993291	73.9694709777832
530	en	137.21772630530668	72.53419494628906	nan	75.31612396240234
170	en	187.90871997465166	56.982357025146484	1566.0276386798957	57.559364318847656
341	en	178.64712162528718	67.67481994628906	781.6288119206387	67.9048080444336
725	en	349.6809348637545	59.64954376220703	nan	105.00374603271484
257	en	474.98033473838086	79.97715759277344	1049.9006549948353	81.71676635742188
998	en	198.25709817886352	61.251609802246094	6070.467150867759	62.024343490600586
1514	en	138.43680754715834	78.00701141357422	nan	139.17526245117188
854	en	144.66503115917774	60.211090087890625	nan	65.74159240722656
1700	en	221.24086303442297	61.72702980041504	nan	nan
776	en	158.45631399542788	73.09367752075195	nan	94110.21875
731	en	791.1721775127434	88.46044158935547	3969.5368060985306	95.30552291870117
137	en	1940.549438889571	71.72980499267578	2921.4637633453717	72.07573318481445
446	en	160.99744776383187	83.05612182617188	159.6181967992049	82.44140625
962	en	312.6646131090371	68.6378402709961	nan	69.9143295288086
1220	en	155.5103390932083	64.74688720703125	2242.2909558226424	66.97792434692383
68	en	106.3223122073758	58.95194625854492	110.73376593834314	59.44850730895996
797	en	784.899033640956	86.9557876586914	2501.4409159463025	90.35346603393555
545	en	531.796979159978	91.352294921875	nan	62.94984436035156
452	en	688.7959322929382	57.466678619384766	2742.719913592284	58.4019889831543
146	en	150.60944446885443	74.16459655761719	303.57060203098115	75.62068176269531
1646	en	339.8090239933559	80.4692497253418	339.8090239933559	80.4692497253418
1595	en	103.64306968323727	65.37438583374023	nan	10.086132526397705
1484	en	145.16610629098457	66.93783187866211	nan	69.94985580444336
1472	en	153.40883841514588	59.7231559753418	1029.012297971749	60.348628997802734
251	en	202.47056214572393	71.1023941040039	1368.7363560644246	73.6186752319336
1463	en	381.2675745339229	73.86597442626953	3501.463503975617	80.11281967163086
650	en	201.26870570359407	57.96202087402344	1624.9968037980975	58.05794143676758
623	en	261.9211013488348	77.43982696533203	4944.448544402397	81.20447540283203
1178	en	364.77411007447677	73.99080657958984	375.1814328528739	74.98699188232422
950	en	1796.647801588743	68.37749099731445	2624.126628111608	74.2248764038086
1103	en	397.17561984062195	100.33982849121094	1069.6350505847743	100.8632583618164
1439	en	116.53553278605143	62.01351547241211	533.7924115010445	62.064453125
974	en	358.52559963067375	58.42237091064453	2584.8004145168125	60.57063293457031
287	en	237.49482185956907	74.71096420288086	248.34080050786335	74.76947784423828
761	en	422.0295429645583	82.5013542175293	nan	83.64976501464844
602	en	395.0207471701935	52.90047836303711	1056.9225586554162	53.21759796142578
1490	en	333.38094820905087	97.86529541015625	nan	nan
596	en	194.53731520097335	78.51527404785156	1049.3382915373772	78.71601867675781
1412	en	185.93446535705237	74.1912612915039	910.7179085447433	74.9709358215332
518	en	2164.4248786508083	74.4240493774414	5648.520432348053	78.20560073852539
1730	en	163.04494599806958	82.0096664428711	nan	60.993141174316406
1385	en	310.9177828350583	53.7496337890625	2526.448603079237	62.86134338378906
830	en	112.34199329465628	52.285247802734375	5409.887897512806	53.87015342712402
788	en	103.71721636639894	63.864463806152344	598.0060635304105	64.16839218139648
1574	en	208.80526113947596	92.86688232421875	nan	95.04533004760742
476	en	360.3907433868548	54.94535446166992	360.3907433868548	54.94535446166992
1752	en	165.12320714144363	77.00579833984375	1223.0239299138386	78.71601867675781
743	en	363.8157210607786	108.05133056640625	nan	176.59494018554688
1586	en	163.9217611641012	55.38252639770508	250.54342751807354	57.6965446472168
971	en	1029.5494326667551	79.31652069091797	nan	nan
329	en	243.61435514337876	81.03199005126953	nan	49.21565246582031
1082	en	170.61465970329616	68.64191436767578	2086.375828198024	74.20221710205078
470	en	183.69810269913583	77.17272186279297	1681.4483934629948	77.4408187866211
1610	en	1449.3282370047993	76.66242980957031	nan	78.71601867675781
614	en	213.02813708312868	69.22968292236328	1285.815868461405	70.82239532470703
95	en	292.3332755488734	103.22921752929688	nan	221.03817749023438
1214	en	237.96003968065435	79.93363952636719	4049.2864052184086	84.21033477783203
482	en	169.64586880919222	64.48394012451172	1043.3116669654846	66.78259658813477
1400	en	250.6170923863688	49.8643913269043	365.6104555962578	50.09525108337402
716	en	253.0903575014185	54.02744674682617	2986.5248600330906	56.67034912109375
1271	en	349.6289877323877	82.23042297363281	1948.7709776012377	86.5821762084961
494	en	166.98537583636423	97.15997314453125	744.5158228631747	97.21353530883789
629	en	440.7167400461159	64.42806243896484	nan	65.41581726074219
821	en	1018.2798096491191	55.95000076293945	nan	61.878963470458984
599	en	405.980144129171	51.61691856384277	nan	39.31188201904297
956	en	474.1829152637058	91.83196258544922	nan	106.95662689208984
296	en	237.5701675619398	74.03402328491211	nan	78.71380615234375
28	en	697.3225073284573	90.4895248413086	697.3225073284573	90.4895248413086
164	en	664.9129246745791	57.307247161865234	4546.440606526406	63.357948303222656
1106	en	169.32128905474656	44.243106842041016	1011.675386436169	45.028459548950195
356	en	472.8696386155628	66.15673065185547	1821.714074323843	72.2408676147461
1571	en	197.01136910397074	76.04486083984375	687.0730004413523	76.93749237060547
572	en	125.1541061302026	57.86916732788086	828.1481681804067	58.46621322631836
1355	en	182.4782382379664	68.471435546875	4711.27841102852	71.50114059448242
812	en	403.5281152267456	56.188968658447266	3078.4872580884976	58.19566345214844
365	en	277.3951983397657	63.22048759460449	nan	119.686279296875
794	en	214.10096573707384	89.84221649169922	813.6771337562407	90.47184753417969
722	en	158.67795065641403	53.04724884033203	1681.6473976439493	53.427146911621094
542	en	114.27624608059318	52.765724182128906	803.1782852615974	53.81210708618164
977	en	180.23929071102012	61.525840759277344	nan	178.14702606201172
1193	en	924.0183223458224	66.68820190429688	nan	43.95146942138672
554	en	251.93180935783724	69.8619155883789	1009.232097962807	75.27741241455078
653	en	282.9694507364283	97.82769012451172	3001.663862665076	97.97279357910156
527	en	342.0961490438766	85.30266571044922	508.5086202857908	87.81749725341797
101	en	121.46609837858827	70.09174346923828	3464.98778780731	72.21823120117188
827	en	275.29873343410657	77.29874420166016	nan	79.30603790283203
1776	en	351.0592585343581	73.75387573242188	nan	108.68508529663086
173	en	639.2758913350299	64.60751342773438	748.0494106674195	64.93055725097656
431	en	113.76330984722485	69.51451110839844	880.0758358601773	71.0728759765625
785	en	171.7025064356187	84.33891296386719	170.95176190381858	84.33008575439453
323	en	317.8922312339147	89.60469818115234	2399.034387396228	92.44923782348633
1454	en	164.95442490297205	62.757164001464844	472.3401292645654	63.69945526123047
398	en	240.2696481068929	120.2729721069336	1726.6233889839866	123.2354736328125
1136	en	484.317559693989	69.30011749267578	5990.986612464199	78.71601867675781
401	en	300.49926644200866	60.858009338378906	886.8361531537155	61.1180534362793
644	en	230.6331862561843	101.99967956542969	5454.3312853597245	105.22190856933594
464	en	94.65309471307799	62.06528091430664	851.3071266810099	64.37623977661133
605	en	261.5449285879731	70.8094253540039	nan	56.09170913696289
119	en	300.1558318341032	53.07802963256836	nan	nan
728	en	410.91173198625637	75.94665145874023	4754.983056418867	83.39643096923828
1469	en	159.73460310231084	58.21648025512695	821.6202245369935	58.980289459228516
959	en	125.13205636032228	63.004920959472656	860.2604225779337	64.89908599853516
1583	en	155.90556159973144	70.08821105957031	830.7538048017143	70.1757583618164
1211	en	358.0455546220144	75.72425842285156	1366.7459380532812	79.71859741210938
1755	en	552.6258393564532	123.89933395385742	nan	nan
1307	en	250.8536419641404	76.57222747802734	1518.826069595617	82.70794677734375
1316	en	556.2736150218594	64.23548889160156	2519.0318785458803	64.87054061889648
326	en	115.50133194568309	66.15269088745117	nan	19.822608947753906
1094	en	647.8597959268873	66.50125885009766	nan	67.48684692382812
98	en	271.78969761110704	75.48177337646484	316.56179866084346	81.66769027709961
755	en	140.8292466039243	87.609130859375	140.8292466039243	87.609130859375
299	en	259.19242661794027	83.39837646484375	2989.346810280193	88.73860549926758
806	en	117.6225314314348	55.95000076293945	nan	9609.701171875
332	en	176.80954209203304	74.36637115478516	946.0158170872047	76.74456024169922
236	en	203.60003327869234	87.91780090332031	4561.388143610071	95.10894775390625
941	en	154.6270946450785	59.319759368896484	795.4744355646769	62.42877769470215
1589	en	132.35314567689974	60.478145599365234	682.217863252086	61.82245063781738
467	en	141.62286783378815	66.5831527709961	1023.4120232118379	66.8063735961914
1481	en	282.0403832067357	71.85938262939453	1300.2520097914196	75.75421905517578
1130	en	166.64657294422113	66.86966705322266	nan	nan
344	en	237.11650890292543	65.31207656860352	nan	46.31304168701172
1163	en	98.21291251463049	60.86604690551758	891.4380894039953	61.50164222717285
992	en	348.6467876124188	64.48101806640625	nan	68315.578125
443	en	297.4185032633554	104.87904357910156	nan	nan
320	en	137.14285548015306	70.28699493408203	1311.6618490914504	73.13119125366211
698	en	199.40027486102682	94.93040084838867	nan	64.84989929199219
1508	en	269.5843852856837	60.87199783325195	4070.8859976561175	62.468570709228516
383	en	127.96417612207347	80.82650756835938	700.3761507765452	80.93868255615234
104	en	231.52016201369258	79.18157958984375	850.4661434953863	79.99196243286133
1499	en	259.9962249201769	59.65789031982422	995.074135212188	62.28938674926758
1205	en	403.5602023601532	84.29083633422852	1050.3413254329137	84.35940551757812
1259	en	266.3537967609909	65.75128936767578	704.1405705517124	67.12994384765625
1418	en	218.52932295432458	64.4451789855957	1660.842491114581	66.71053314208984
869	en	372.294766612955	64.2862319946289	nan	nan
764	en	337.1868263770794	67.98566436767578	3043.676074557834	71.31108093261719
575	en	93.08918101637514	55.127479553222656	1220.3124241197347	57.59722900390625
428	en	151.1271214222345	92.4075698852539	nan	29.899049758911133
1505	en	217.73666806314506	84.99124908447266	nan	52.41052055358887
746	en	383.26305647828116	85.00200271606445	nan	91.72137451171875
515	en	227.83940076828003	121.99715805053711	nan	nan
707	en	189.3804479348855	77.59382629394531	1196.9087118794841	77.89130401611328
1706	en	193.170950473555	66.0825424194336	1153.3676079323418	67.72171401977539
1442	en	229.1319633626683	83.427490234375	644.455087822362	84.06095504760742
521	en	886.4000510257833	82.43669509887695	nan	89.30397415161133
1607	en	218.8360121486751	73.08426666259766	753.893815449306	74.17495727539062
1187	en	265.34797596734415	75.543701171875	nan	78.15990447998047
779	en	351.45478142090957	70.45999145507812	346.53786687370683	68.0761489868164
626	en	488.3846834269437	62.12947463989258	951.9801504186222	63.50866508483887
1142	en	396.9559640186589	94.34632110595703	nan	104.00919342041016
1334	en	149.83313336680013	72.0501594543457	695.1590932998657	73.28234100341797
608	en	312.17691104552324	73.4244155883789	nan	78.71601867675781
113	en	508.30441356166716	78.6583480834961	1208.9463747912232	79.60794067382812
770	en	349.06687722372453	64.05110740661621	nan	8586.587890625
434	en	231.89574870284721	73.12701416015625	919.6097120997881	73.86795043945312
1496	en	843.3043682660988	53.70119094848633	2128.8742887471	57.27212142944336
1199	en	89.59798628943307	43.81366539001465	925.6492651784142	44.865583419799805
1100	en	98.37077212978053	51.98389434814453	707.4529806375504	52.08876037597656
