article_id	language	total_tokens	jargon_count	jargon_per_100
9-48	en	1820	123	6.7582
14-2	en	640	47	7.3438
3-53	en	1666	93	5.5822
12-13	en	1470	93	6.3265
17-6	en	378	12	3.1746
6-64	en	662	53	8.006
18-79	en	561	16	2.852
13-29	en	896	58	6.4732
7-18	en	544	78	14.3382
19-121	en	792	44	5.5556
23-73	en	1073	45	4.1938
9-109	en	976	22	2.2541
14-53	en	614	65	10.5863
5-121	en	369	9	2.439
16-13	en	1078	46	4.2672
12-38	en	1970	152	7.7157
16-173	en	1611	39	2.4209
21-155	en	690	34	4.9275
8-12	en	1400	58	4.1429
19-104	en	2066	120	5.8083
19-39	en	1721	55	3.1958
13-9	en	511	39	7.6321
13-6	en	1765	161	9.1218
19-83	en	801	65	8.1149
8-31	en	1135	63	5.5507
8-59	en	1345	109	8.1041
10-21	en	1080	111	10.2778
19-102	en	1189	73	6.1396
12-32	en	379	26	6.8602
17-5	en	749	24	3.2043
12-30	en	1369	105	7.6698
9-35	en	1088	37	3.4007
18-70	en	1496	41	2.7406
18-43	en	852	62	7.277
14-20	en	1724	158	9.1647
1-66	en	516	25	4.845
16-222	en	838	39	4.6539
17-23	en	797	25	3.1368
16-2	en	1775	127	7.1549
19-54	en	1008	25	2.4802
5-50	en	555	34	6.1261
17-13	en	454	17	3.7445
5-16	en	925	65	7.027
6-77	en	674	43	6.3798
14-4	en	1066	102	9.5685
21-16	en	816	15	1.8382
21-146	en	393	9	2.2901
6-74	en	371	20	5.3908
21-357	en	1185	48	4.0506
18-62	en	1729	157	9.0804
6-27	en	1023	44	4.3011
21-74	en	655	29	4.4275
6-75	en	775	35	4.5161
6-31	en	653	54	8.2695
21-109	en	960	75	7.8125
16-225	en	806	33	4.0943
18-40	en	753	38	5.0465
16-54	en	1215	26	2.1399
7-32	en	1875	171	9.12
1-72	en	1790	141	7.8771
9-64	en	1222	118	9.6563
1-58	en	1869	148	7.9187
18-81	en	225	8	3.5556
23-49	en	1339	112	8.3645
17-171	en	367	11	2.9973
9-95	en	231	21	9.0909
1-57	en	1985	143	7.204
13-53	en	1192	99	8.3054
13-97	en	1761	209	11.8683
23-41	en	1142	48	4.2032
9-57	en	1395	127	9.1039
19-126	en	1453	91	6.2629
16-164	en	1536	35	2.2786
21-105	en	688	24	3.4884
5-76	en	391	11	2.8133
10-5	en	1097	44	4.0109
8-67	en	1003	73	7.2782
24-127	en	716	10	1.3966
8-33	en	910	37	4.0659
9-101	en	547	31	5.6673
17-27	en	1367	16	1.1704
15-24	en	637	21	3.2967
5-75	en	443	23	5.1919
18-76	en	732	28	3.8251
5-5	en	1910	70	3.6649
5-41	en	395	15	3.7975
1-60	en	1741	151	8.6732
14-9	en	1332	141	10.5856
16-219	en	906	28	3.0905
16-52	en	588	30	5.102
21-39	en	1423	125	8.7843
10-25	en	1377	121	8.7872
12-63	en	1414	64	4.5262
6-78	en	1839	71	3.8608
16-8	en	440	19	4.3182
21-317	en	1138	38	3.3392
14-17	en	397	26	6.5491
21-79	en	1352	70	5.1775
6-26	en	565	28	4.9558
10-88	en	586	48	8.1911
12-22	en	1301	92	7.0715
16-211	en	1215	46	3.786
6-38	en	979	16	1.6343
9-105	en	988	36	3.6437
12-39	en	1970	152	7.7157
18-39	en	1529	122	7.9791
9-108	en	596	65	10.906
6-18	en	2013	60	2.9806
5-55	en	1237	58	4.6888
5-71	en	903	51	5.6478
1-94	en	1231	100	8.1235
4-6	en	1704	70	4.108
1-1	en	1119	68	6.0769
9-63	en	1280	122	9.5312
23-6	en	352	24	6.8182
5-39	en	1854	51	2.7508
16-127	en	1019	85	8.3415
18-112	en	1427	120	8.4093
5-30	en	592	30	5.0676
21-75	en	1080	76	7.037
6-76	en	794	36	4.534
16-165	en	349	18	5.1576
15-27	en	1587	64	4.0328
20-56	en	907	63	6.946
5-45	en	937	26	2.7748
12-127	en	1046	100	9.5602
5-87	en	1360	15	1.1029
9-91	en	1353	58	4.2868
1-53	en	1715	132	7.6968
9-111	en	746	52	6.9705
23-10	en	1900	136	7.1579
19-27	en	1378	78	5.6604
9-45	en	968	57	5.8884
19-63	en	1688	91	5.391
12-21	en	739	54	7.3072
21-47	en	1088	33	3.0331
23-30	en	1713	59	3.4442
23-32	en	815	65	7.9755
10-91	en	723	53	7.3306
7-33	en	1384	150	10.8382
20-30	en	692	31	4.4798
6-60	en	786	59	7.5064
17-18	en	702	21	2.9915
24-106	en	615	2	0.3252
24-104	en	871	15	1.7222
5-28	en	1459	57	3.9068
5-107	en	403	14	3.4739
17-16	en	1656	62	3.744
9-30	en	1841	134	7.2787
16-167	en	1282	21	1.6381
9-115	en	1502	106	7.0573
7-41	en	1059	87	8.2153
16-174	en	1655	34	2.0544
16-172	en	835	15	1.7964
24-149	en	1647	36	2.1858
14-38	en	668	62	9.2814
14-56	en	742	64	8.6253
17-62	en	1184	15	1.2669
17-58	en	541	11	2.0333
12-56	en	1532	113	7.376
13-92	en	1244	97	7.7974
18-50	en	1170	85	7.265
14-30	en	610	36	5.9016
8-58	en	1334	34	2.5487
12-87	en	1871	83	4.4361
13-87	en	928	79	8.5129
18-100	en	188	5	2.6596
5-105	en	601	27	4.4925
17-168	en	1181	28	2.3709
18-82	en	276	15	5.4348
12-53	en	1914	117	6.1129
16-152	en	670	4	0.597
16-212	en	750	31	4.1333
16-9	en	1049	39	3.7178
16-226	en	1092	27	2.4725
19-109	en	1092	43	3.9377
5-4	en	1826	87	4.7645
14-52	en	1699	164	9.6527
12-55	en	1880	174	9.2553
16-57	en	1088	31	2.8493
9-13	en	1929	66	3.4215
1-97	en	1344	104	7.7381
7-79	en	1748	170	9.7254
16-154	en	1800	52	2.8889
19-25	en	1146	93	8.1152
16-158	en	1149	59	5.1349
1-8	en	2042	75	3.6729
8-9	en	1709	78	4.5641
8-30	en	1083	56	5.1708
9-85	en	1027	50	4.8685
7-10	en	717	78	10.8787
9-96	en	1296	81	6.25
10-94	en	560	45	8.0357
7-26	en	1235	82	6.6397
5-82	en	714	36	5.042
16-81	en	1243	114	9.1714
16-151	en	1425	23	1.614
5-33	en	802	31	3.8653
16-19	en	655	43	6.5649
1-16	en	1880	88	4.6809
5-31	en	768	22	2.8646
1-93	en	1396	84	6.0172
9-53	en	867	34	3.9216
6-24	en	1135	28	2.467
21-205	en	1271	67	5.2714
21-165	en	896	63	7.0312
19-82	en	1058	29	2.741
17-10	en	1273	64	5.0275
7-40	en	1302	126	9.6774
6-29	en	650	31	4.7692
19-87	en	1373	53	3.8602
12-90	en	171	2	1.1696
19-20	en	831	27	3.2491
17-86	en	497	3	0.6036
16-162	en	741	12	1.6194
14-29	en	559	55	9.839
9-97	en	1688	121	7.1682
15-25	en	1826	48	2.6287
1-96	en	1123	114	10.1514
21-185	en	994	15	1.5091
16-216	en	889	58	6.5242
19-144	en	352	13	3.6932
16-4	en	926	48	5.1836
5-15	en	365	29	7.9452
16-187	en	1811	83	4.5831
1-78	en	904	51	5.6416
5-52	en	583	36	6.175
12-126	en	991	98	9.889
8-20	en	1044	66	6.3218
1-68	en	1790	141	7.8771
16-217	en	779	43	5.5199
8-23	en	790	19	2.4051
16-96	en	819	57	6.9597
18-65	en	1363	48	3.5216
4-11	en	776	19	2.4485
16-17	en	886	73	8.2393
12-79	en	600	46	7.6667
6-85	en	463	41	8.8553
18-66	en	899	46	5.1168
16-128	en	1237	66	5.3355
16-190	en	1533	62	4.0444
1-112	en	477	25	5.2411
6-83	en	2020	80	3.9604
1-4	en	1783	107	6.0011
21-355	en	1291	55	4.2603
12-85	en	1951	118	6.0482
9-79	en	611	18	2.946
18-96	en	612	21	3.4314
21-100	en	630	30	4.7619
16-183	en	1664	68	4.0865
12-36	en	449	39	8.686
9-28	en	1855	133	7.1698
19-59	en	389	16	4.1131
7-44	en	710	94	13.2394
5-88	en	1079	10	0.9268
21-175	en	629	29	4.6105
16-62	en	1409	72	5.11
13-35	en	985	78	7.9188
7-34	en	1382	155	11.2156
6-45	en	1781	56	3.1443
16-67	en	1615	57	3.5294
6-52	en	1843	121	6.5654
12-9	en	1080	102	9.4444
16-95	en	673	22	3.2689
16-78	en	1000	78	7.8
16-55	en	595	20	3.3613
10-82	en	795	30	3.7736
17-85	en	304	1	0.3289
23-42	en	2047	101	4.934
23-83	en	414	29	7.0048
6-67	en	1422	116	8.1575
17-7	en	630	15	2.381
9-112	en	1551	112	7.2211
6-37	en	429	23	5.3613
16-15	en	1376	38	2.7616
8-55	en	1837	113	6.1513
19-55	en	1366	55	4.0264
6-35	en	654	34	5.1988
9-58	en	1350	127	9.4074
19-40	en	1643	32	1.9477
18-63	en	584	48	8.2192
17-84	en	700	19	2.7143
21-46	en	1074	32	2.9795
18-60	en	1670	122	7.3054
9-60	en	1266	116	9.1627
16-35	en	1414	73	5.1627
5-66	en	1199	64	5.3378
15-29	en	1100	62	5.6364
16-221	en	887	33	3.7204
13-45	en	1191	103	8.6482
17-166	en	708	12	1.6949
6-81	en	1276	75	5.8777
1-13	en	1880	88	4.6809
23-54	en	469	19	4.0512
6-82	en	564	16	2.8369
13-12	en	1732	171	9.873
10-18	en	779	56	7.1887
19-143	en	455	25	5.4945
5-68	en	700	35	5.0
5-43	en	1905	110	5.7743
8-37	en	1218	59	4.844
21-318	en	592	36	6.0811
24-43	en	761	13	1.7083
10-23	en	1061	109	10.2733
5-51	en	361	26	7.2022
21-157	en	683	38	5.5637
23-9	en	1973	98	4.9671
14-27	en	939	69	7.3482
9-36	en	1233	56	4.5418
12-25	en	1872	146	7.7991
10-78	en	514	17	3.3074
18-85	en	455	21	4.6154
16-147	en	1058	25	2.3629
5-20	en	976	62	6.3525
21-49	en	1720	181	10.5233
5-132	en	1886	79	4.1888
6-20	en	1851	84	4.5381
10-71	en	1056	115	10.8902
5-63	en	398	23	5.7789
14-8	en	1720	181	10.5233
14-25	en	1105	80	7.2398
19-66	en	1764	31	1.7574
4-37	en	962	13	1.3514
9-61	en	335	43	12.8358
14-7	en	1671	161	9.6349
6-72	en	477	13	2.7254
16-7	en	1143	47	4.112
6-59	en	759	66	8.6957
5-80	en	740	29	3.9189
13-107	en	1156	93	8.045
6-53	en	416	17	4.0865
6-34	en	987	40	4.0527
16-34	en	1227	38	3.097
17-32	en	753	31	4.1169
19-95	en	971	50	5.1493
5-58	en	1516	71	4.6834
21-321	en	729	19	2.6063
19-167	en	1788	83	4.6421
18-71	en	1416	46	3.2486
18-35	en	1484	106	7.1429
23-99	en	2033	38	1.8692
5-79	en	1158	88	7.5993
24-92	en	1914	54	2.8213
3-51	en	1354	58	4.2836
21-358	en	760	23	3.0263
18-68	en	674	27	4.0059
1-7	en	1791	112	6.2535
16-97	en	764	44	5.7592
17-61	en	1805	51	2.8255
5-125	en	1182	76	6.4298
13-91	en	1480	103	6.9595
16-51	en	752	18	2.3936
12-14	en	1183	93	7.8614
14-42	en	955	75	7.8534
21-95	en	1535	33	2.1498
6-17	en	1802	101	5.6049
9-84	en	978	75	7.6687
14-23	en	1933	128	6.6218
16-20	en	788	39	4.9492
17-173	en	1295	25	1.9305
23-56	en	271	12	4.428
7-17	en	1291	162	12.5484
13-4	en	1732	171	9.873
18-88	en	337	19	5.638
19-85	en	1209	81	6.6998
16-228	en	660	25	3.7879
16-71	en	1107	97	8.7624
10-65	en	1761	209	11.8683
19-37	en	1095	7	0.6393
17-141	en	647	17	2.6275
16-215	en	846	47	5.5556
4-12	en	1214	53	4.3657
12-105	en	1010	71	7.0297
12-37	en	1868	143	7.6552
13-7	en	879	38	4.3231
14-1	en	1084	99	9.1328
7-43	en	1233	123	9.9757
21-306	en	932	12	1.2876
14-24	en	1000	49	4.9
23-102	en	754	64	8.4881
23-39	en	1108	81	7.3105
19-58	en	704	6	0.8523
19-99	en	1181	106	8.9754
8-26	en	423	22	5.2009
17-60	en	1464	18	1.2295
16-251	en	557	65	11.6697
10-87	en	943	88	9.3319
21-187	en	621	32	5.153
13-114	en	661	51	7.7156
5-117	en	385	31	8.0519
17-135	en	648	19	2.9321
9-6	en	1653	95	5.7471
13-57	en	858	46	5.3613
21-319	en	504	16	3.1746
5-60	en	429	1	0.2331
16-3	en	1506	125	8.3001
17-107	en	992	39	3.9315
16-149	en	1888	44	2.3305
21-186	en	598	16	2.6756
9-72	en	372	37	9.9462
18-91	en	519	32	6.1657
8-44	en	640	42	6.5625
13-32	en	1299	141	10.8545
5-27	en	595	43	7.2269
16-27	en	1232	46	3.7338
9-59	en	1402	135	9.6291
18-59	en	1741	131	7.5244
21-65	en	821	48	5.8465
16-114	en	1536	117	7.6172
18-87	en	534	18	3.3708
19-49	en	1073	27	2.5163
21-112	en	964	43	4.4606
5-24	en	644	6	0.9317
21-331	en	1045	13	1.244
16-186	en	1492	90	6.0322
8-32	en	1201	60	4.9958
16-26	en	1293	58	4.4857
13-28	en	872	59	6.7661
12-1	en	1792	147	8.2031
18-64	en	980	63	6.4286
15-28	en	1200	47	3.9167
23-29	en	1641	104	6.3376
21-316	en	1494	52	3.4806
16-218	en	1051	35	3.3302
21-315	en	1807	50	2.767
21-204	en	650	64	9.8462
16-130	en	1046	64	6.1185
17-52	en	530	5	0.9434
15-30	en	1144	70	6.1189
9-124	en	1152	67	5.816
12-19	en	1293	102	7.8886
21-192	en	879	49	5.5745
9-73	en	1547	126	8.1448
19-53	en	1972	71	3.6004
19-72	en	598	48	8.0268
21-193	en	745	49	6.5772
10-3	en	1554	170	10.9395
16-41	en	1230	38	3.0894
6-69	en	663	43	6.4857
13-13	en	524	52	9.9237
21-283	en	1336	86	6.4371
5-11	en	815	44	5.3988
5-13	en	972	58	5.9671
5-40	en	1031	60	5.8196
21-93	en	1316	68	5.1672
18-47	en	869	57	6.5593
6-51	en	1789	111	6.2046
17-77	en	559	2	0.3578
1-105	en	527	49	9.2979
9-74	en	1530	151	9.8693
24-148	en	1647	36	2.1858
12-50	en	837	34	4.0621
6-61	en	946	53	5.6025
13-11	en	605	87	14.3802
9-102	en	615	49	7.9675
23-40	en	939	69	7.3482
12-164	en	542	27	4.9815
17-59	en	1141	31	2.7169
19-33	en	556	7	1.259
16-39	en	1745	66	3.7822
16-189	en	873	58	6.6438
8-6	en	1949	161	8.2606
5-77	en	539	19	3.525
16-156	en	2012	112	5.5666
16-38	en	1217	47	3.862
19-17	en	1351	36	2.6647
12-163	en	1567	55	3.5099
4-10	en	1558	60	3.8511
15-15	en	694	53	7.6369
24-98	en	1521	17	1.1177
6-15	en	1129	59	5.2259
24-60	en	618	28	4.5307
17-70	en	447	18	4.0268
12-134	en	372	18	4.8387
21-7	en	569	6	1.0545
22-69	en	603	6	0.995
21-159	en	715	55	7.6923
16-213	en	1021	38	3.7218
21-163	en	1125	151	13.4222
17-125	en	857	32	3.734
18-26	en	589	61	10.3565
21-225	en	498	29	5.8233
22-48	en	405	6	1.4815
7-6	en	297	18	6.0606
6-40	en	1012	51	5.0395
1-34	en	1879	120	6.3864
21-305	en	850	11	1.2941
20-42	en	253	24	9.4862
9-75	en	656	15	2.2866
14-61	en	1224	129	10.5392
17-48	en	1424	13	0.9129
1-114	en	505	22	4.3564
16-98	en	900	41	4.5556
16-90	en	776	75	9.6649
11-22	en	854	2	0.2342
18-90	en	794	61	7.6826
23-26	en	441	27	6.1224
24-91	en	2100	99	4.7143
24-130	en	1237	49	3.9612
1-3	en	1854	129	6.9579
19-9	en	767	8	1.043
19-8	en	2042	81	3.9667
4-23	en	619	22	3.5541
24-125	en	1323	32	2.4187
19-101	en	516	36	6.9767
21-94	en	897	46	5.1282
23-13	en	574	34	5.9233
24-38	en	416	31	7.4519
15-34	en	1332	132	9.9099
21-227	en	1004	74	7.3705
9-71	en	984	57	5.7927
19-47	en	1904	51	2.6786
13-62	en	660	34	5.1515
6-46	en	1392	50	3.592
16-244	en	397	45	11.335
16-238	en	629	55	8.744
20-14	en	372	38	10.2151
1-120	en	633	33	5.2133
7-31	en	775	85	10.9677
9-116	en	1475	120	8.1356
12-35	en	484	42	8.6777
16-188	en	586	28	4.7782
19-67	en	784	66	8.4184
9-8	en	872	32	3.6697
1-65	en	525	34	6.4762
16-117	en	803	58	7.2229
13-90	en	399	54	13.5338
23-95	en	1130	69	6.1062
23-28	en	387	44	11.3695
20-13	en	584	2	0.3425
21-23	en	2197	1	0.0455
6-55	en	520	49	9.4231
16-23	en	1852	82	4.4276
9-88	en	474	28	5.9072
24-46	en	280	4	1.4286
24-120	en	1275	64	5.0196
13-56	en	628	46	7.3248
17-126	en	1542	9	0.5837
16-242	en	386	40	10.3627
17-63	en	2032	23	1.1319
10-27	en	411	44	10.7056
12-29	en	773	68	8.7969
10-89	en	1141	96	8.4137
17-30	en	96	0	0.0
18-36	en	1850	153	8.2703
8-54	en	891	61	6.8462
7-49	en	537	34	6.3315
24-122	en	293	14	4.7782
22-44	en	918	7	0.7625
17-170	en	535	11	2.0561
17-140	en	385	18	4.6753
21-53	en	1174	47	4.0034
12-75	en	1800	178	9.8889
5-94	en	766	25	3.2637
1-111	en	1041	47	4.5149
19-111	en	426	38	8.9202
14-31	en	1328	71	5.3464
21-299	en	783	30	3.8314
21-333	en	789	54	6.8441
15-9	en	1797	191	10.6288
23-59	en	1102	74	6.7151
21-356	en	327	28	8.5627
17-128	en	905	43	4.7514
10-84	en	366	15	4.0984
16-103	en	821	40	4.8721
19-168	en	1853	93	5.0189
12-116	en	496	15	3.0242
24-71	en	855	58	6.7836
21-215	en	1122	78	6.9519
19-78	en	486	13	2.6749
21-168	en	934	65	6.9593
24-68	en	595	16	2.6891
22-65	en	498	9	1.8072
15-21	en	597	35	5.8626
13-37	en	809	63	7.7874
1-76	en	469	13	2.7719
21-279	en	646	11	1.7028
23-11	en	496	61	12.2984
19-11	en	1971	60	3.0441
10-2	en	1192	77	6.4597
21-211	en	833	57	6.8427
13-102	en	1698	43	2.5324
17-138	en	529	27	5.104
22-58	en	656	10	1.5244
16-231	en	428	46	10.7477
22-38	en	990	7	0.7071
17-172	en	622	20	3.2154
5-57	en	455	22	4.8352
13-42	en	902	55	6.0976
24-66	en	545	56	10.2752
21-337	en	658	23	3.4954
5-61	en	679	43	6.3328
5-2	en	1306	62	4.7473
21-203	en	1295	81	6.2548
17-176	en	752	23	3.0585
18-45	en	689	21	3.0479
18-44	en	1210	97	8.0165
16-59	en	1437	106	7.3765
1-90	en	721	38	5.2705
9-19	en	439	26	5.9226
24-44	en	281	9	3.2028
21-245	en	1045	53	5.0718
12-34	en	680	75	11.0294
2-18	en	1879	91	4.843
16-77	en	902	63	6.9845
18-38	en	828	50	6.0386
23-71	en	664	23	3.4639
12-102	en	1466	58	3.9563
10-31	en	914	70	7.6586
18-54	en	956	61	6.3808
24-48	en	178	2	1.1236
17-174	en	533	12	2.2514
11-25	en	1134	2	0.1764
1-99	en	1416	144	10.1695
24-35	en	322	3	0.9317
23-81	en	1075	78	7.2558
24-49	en	175	2	1.1429
21-142	en	495	28	5.6566
6-39	en	521	32	6.142
12-88	en	1406	71	5.0498
24-117	en	881	39	4.4268
4-39	en	970	33	3.4021
8-64	en	1487	56	3.766
16-203	en	1945	145	7.455
5-17	en	707	32	4.5262
19-125	en	636	50	7.8616
12-82	en	1850	114	6.1622
12-76	en	1156	101	8.737
12-33	en	695	65	9.3525
8-74	en	276	17	6.1594
23-36	en	993	81	8.1571
11-14	en	840	17	2.0238
1-9	en	1751	94	5.3684
21-148	en	233	7	3.0043
4-38	en	418	6	1.4354
12-130	en	642	45	7.0093
11-7	en	1987	58	2.919
21-328	en	1164	46	3.9519
20-20	en	223	10	4.4843
13-33	en	763	89	11.6645
4-33	en	713	32	4.4881
24-26	en	894	27	3.0201
24-28	en	1189	18	1.5139
13-115	en	1892	259	13.6892
24-99	en	1365	7	0.5128
21-106	en	370	10	2.7027
20-9	en	1778	71	3.9933
16-40	en	1064	56	5.2632
23-67	en	770	50	6.4935
17-120	en	664	24	3.6145
17-69	en	1207	21	1.7399
5-3	en	1047	24	2.2923
21-37	en	1681	81	4.8186
20-17	en	317	17	5.3628
21-28	en	1623	19	1.1707
12-107	en	423	18	4.2553
3-29	en	568	26	4.5775
5-67	en	530	25	4.717
12-125	en	928	30	3.2328
14-3	en	834	61	7.3141
23-46	en	906	47	5.1876
18-75	en	596	17	2.8523
19-79	en	691	52	7.5253
16-205	en	1945	145	7.455
12-152	en	786	41	5.2163
23-100	en	496	59	11.8952
23-68	en	449	30	6.6815
1-5	en	2020	98	4.8515
24-152	en	1091	26	2.3831
21-34	en	792	36	4.5455
13-59	en	485	39	8.0412
24-77	en	924	59	6.3853
16-105	en	914	32	3.5011
9-56	en	360	27	7.5
22-67	en	461	12	2.603
19-81	en	506	32	6.3241
23-24	en	428	29	6.7757
10-30	en	652	56	8.589
12-24	en	496	36	7.2581
20-15	en	937	47	5.016
12-121	en	619	36	5.8158
14-16	en	501	54	10.7784
7-11	en	1055	107	10.1422
21-325	en	425	23	5.4118
1-41	en	269	3	1.1152
3-39	en	1378	93	6.7489
7-82	en	635	41	6.4567
21-35	en	1475	52	3.5254
5-124	en	474	27	5.6962
12-132	en	229	16	6.9869
5-56	en	337	11	3.2641
16-227	en	650	20	3.0769
21-250	en	410	14	3.4146
13-60	en	449	34	7.5724
16-93	en	794	16	2.0151
7-3	en	363	25	6.8871
6-32	en	252	11	4.3651
16-99	en	497	36	7.2435
17-76	en	2088	47	2.251
16-82	en	788	48	6.0914
24-97	en	1178	18	1.528
5-84	en	495	20	4.0404
12-73	en	529	56	10.586
10-17	en	731	78	10.6703
23-48	en	1119	79	7.0599
19-131	en	467	37	7.9229
13-84	en	929	109	11.733
21-152	en	692	36	5.2023
7-22	en	1454	187	12.8611
12-113	en	849	56	6.596
17-162	en	398	12	3.0151
21-293	en	1022	32	3.1311
8-79	en	642	32	4.9844
21-246	en	520	32	6.1538
12-16	en	695	33	4.7482
16-252	en	322	34	10.559
17-122	en	948	59	6.2236
21-33	en	1189	48	4.037
16-136	en	1471	86	5.8464
11-33	en	2182	14	0.6416
7-59	en	1017	45	4.4248
12-119	en	323	6	1.8576
21-249	en	527	32	6.0721
12-103	en	1166	89	7.6329
13-103	en	1248	105	8.4135
8-50	en	330	25	7.5758
5-38	en	1212	64	5.2805
13-113	en	1089	113	10.3765
21-294	en	1224	92	7.5163
7-76	en	1021	122	11.9491
22-23	en	1454	32	2.2008
13-24	en	1150	68	5.913
9-55	en	385	11	2.8571
23-60	en	1256	155	12.3408
5-12	en	838	57	6.8019
13-18	en	1080	101	9.3519
13-85	en	1879	170	9.0474
21-25	en	928	23	2.4784
12-96	en	872	50	5.7339
11-17	en	854	15	1.7564
7-62	en	1179	98	8.3121
15-12	en	503	52	10.338
24-124	en	1088	32	2.9412
5-103	en	542	17	3.1365
16-36	en	1520	83	5.4605
12-26	en	1897	115	6.0622
21-230	en	1178	75	6.3667
24-85	en	805	24	2.9814
24-40	en	525	10	1.9048
18-29	en	1613	112	6.9436
14-18	en	1461	141	9.6509
8-8	en	1765	90	5.0992
17-78	en	914	4	0.4376
11-8	en	1987	58	2.919
21-57	en	519	26	5.0096
24-29	en	386	3	0.7772
8-25	en	529	25	4.7259
24-9	en	694	34	4.8991
12-95	en	525	36	6.8571
16-258	en	269	11	4.0892
17-130	en	220	1	0.4545
7-85	en	951	94	9.8843
5-129	en	1095	51	4.6575
11-9	en	1987	58	2.919
16-107	en	760	38	5.0
5-118	en	349	13	3.7249
18-48	en	416	39	9.375
16-135	en	1530	85	5.5556
24-70	en	692	44	6.3584
13-81	en	1129	93	8.2374
2-15	en	1728	222	12.8472
21-309	en	1874	36	1.921
8-52	en	453	24	5.298
24-59	en	599	22	3.6728
24-72	en	637	37	5.8085
16-208	en	1797	127	7.0673
22-14	en	638	11	1.7241
24-154	en	1462	9	0.6156
7-30	en	1633	180	11.0227
18-78	en	399	12	3.0075
21-348	en	828	35	4.2271
1-35	en	899	51	5.673
17-41	en	647	71	10.9737
5-69	en	578	60	10.3806
6-63	en	294	2	0.6803
16-133	en	984	56	5.6911
8-70	en	747	44	5.8902
14-59	en	1760	177	10.0568
19-12	en	1295	79	6.1004
7-39	en	747	102	13.6546
10-46	en	1379	148	10.7324
11-15	en	851	15	1.7626
21-202	en	752	61	8.1117
23-57	en	1089	74	6.7952
18-30	en	724	44	6.0773
14-55	en	1153	115	9.974
13-100	en	1124	64	5.694
9-29	en	1007	80	7.9444
21-11	en	659	6	0.9105
23-3	en	1244	44	3.537
22-56	en	2153	22	1.0218
13-105	en	1430	89	6.2238
22-43	en	951	16	1.6824
16-5	en	294	28	9.5238
17-94	en	448	9	2.0089
24-110	en	1048	8	0.7634
11-29	en	1295	14	1.0811
21-31	en	1969	69	3.5043
21-231	en	574	44	7.6655
4-22	en	822	21	2.5547
12-23	en	902	71	7.8714
12-89	en	1952	131	6.7111
19-75	en	578	16	2.7682
7-19	en	795	102	12.8302
2-10	en	633	44	6.951
23-63	en	1139	75	6.5847
16-196	en	1209	78	6.4516
16-50	en	928	24	2.5862
12-112	en	1755	96	5.4701
14-39	en	466	27	5.794
8-77	en	600	45	7.5
16-131	en	850	54	6.3529
22-25	en	913	9	0.9858
12-137	en	1206	35	2.9022
7-29	en	1414	195	13.7907
21-248	en	472	25	5.2966
12-74	en	543	24	4.4199
7-78	en	775	53	6.8387
21-167	en	477	26	5.4507
13-121	en	595	18	3.0252
22-33	en	1812	65	3.5872
7-9	en	800	95	11.875
8-45	en	867	65	7.4971
8-40	en	502	48	9.5618
13-27	en	618	53	8.5761
23-104	en	857	79	9.2182
19-92	en	992	51	5.1411
22-76	en	811	15	1.8496
10-69	en	737	38	5.156
10-1	en	1361	106	7.7884
8-63	en	543	19	3.4991
15-6	en	544	76	13.9706
18-58	en	1513	89	5.8824
9-110	en	556	38	6.8345
22-32	en	1812	65	3.5872
11-20	en	457	0	0.0
17-131	en	491	17	3.4623
8-27	en	349	8	2.2923
18-80	en	711	31	4.3601
16-118	en	1337	67	5.0112
16-49	en	1704	85	4.9883
13-82	en	1384	137	9.8988
17-64	en	541	10	1.8484
21-214	en	387	28	7.2351
21-262	en	874	1	0.1144
6-14	en	1382	79	5.7164
18-42	en	1036	59	5.695
10-40	en	783	74	9.4508
18-61	en	932	46	4.9356
16-94	en	1110	70	6.3063
21-252	en	662	6	0.9063
11-23	en	521	1	0.1919
16-198	en	1275	78	6.1176
12-124	en	746	44	5.8981
24-65	en	855	37	4.3275
5-133	en	549	28	5.1002
9-81	en	797	23	2.8858
18-37	en	1391	69	4.9605
16-255	en	327	15	4.5872
16-14	en	1105	50	4.5249
6-28	en	544	46	8.4559
23-65	en	535	25	4.6729
18-41	en	801	50	6.2422
3-31	en	316	28	8.8608
22-15	en	1060	14	1.3208
22-54	en	239	8	3.3473
18-108	en	726	32	4.4077
16-153	en	699	60	8.5837
21-71	en	784	31	3.9541
12-128	en	1074	89	8.2868
12-139	en	808	71	8.7871
1-77	en	897	47	5.2397
8-36	en	430	19	4.4186
21-273	en	1174	21	1.7888
18-49	en	1188	52	4.3771
13-16	en	945	86	9.1005
17-44	en	801	41	5.1186
16-249	en	855	85	9.9415
7-67	en	736	71	9.6467
15-5	en	1169	127	10.864
10-44	en	1701	187	10.9935
12-10	en	1765	156	8.8385
16-84	en	604	35	5.7947
24-81	en	940	68	7.234
19-74	en	1459	114	7.8136
10-14	en	401	48	11.9701
15-32	en	2032	181	8.9075
24-32	en	650	17	2.6154
21-6	en	915	2	0.2186
21-160	en	633	50	7.8989
18-55	en	477	24	5.0314
10-66	en	301	36	11.9601
24-84	en	1095	72	6.5753
20-26	en	971	53	5.4583
8-76	en	799	60	7.5094
16-253	en	234	26	11.1111
10-43	en	783	86	10.9834
6-70	en	364	26	7.1429
23-78	en	570	36	6.3158
8-51	en	473	27	5.7082
23-61	en	751	68	9.0546
23-53	en	451	32	7.0953
22-29	en	736	11	1.4946
7-63	en	1081	97	8.9732
21-99	en	560	21	3.75
20-27	en	956	72	7.5314
23-64	en	1020	53	5.1961
9-62	en	766	74	9.6606
21-19	en	1415	8	0.5654
13-86	en	1425	129	9.0526
17-57	en	711	8	1.1252
22-35	en	1875	29	1.5467
13-44	en	1798	166	9.2325
9-23	en	254	9	3.5433
12-27	en	208	10	4.8077
16-110	en	375	21	5.6
16-235	en	449	39	8.686
12-115	en	1048	79	7.5382
12-154	en	543	17	3.1308
2-3	en	1533	45	2.9354
16-109	en	1092	104	9.5238
20-24	en	816	48	5.8824
9-86	en	437	33	7.5515
5-111	en	515	15	2.9126
24-113	en	627	2	0.319
17-68	en	1492	33	2.2118
14-37	en	493	52	10.5477
9-107	en	393	20	5.0891
8-11	en	2044	95	4.6477
5-131	en	642	17	2.648
15-7	en	651	54	8.2949
24-80	en	910	45	4.9451
21-3	en	786	1	0.1272
21-198	en	232	22	9.4828
9-39	en	1437	135	9.3946
17-113	en	762	11	1.4436
16-112	en	1089	106	9.7337
19-42	en	1009	38	3.7661
24-37	en	206	0	0.0
23-52	en	438	31	7.0776
24-7	en	717	62	8.6471
16-113	en	713	41	5.7504
24-61	en	874	34	3.8902
1-122	en	1031	44	4.2677
15-39	en	1117	67	5.9982
20-32	en	757	46	6.0766
15-37	en	944	19	2.0127
23-25	en	335	41	12.2388
9-37	en	454	27	5.9471
19-142	en	422	13	3.0806
16-28	en	640	30	4.6875
21-264	en	1134	19	1.6755
16-234	en	334	25	7.485
10-19	en	1873	209	11.1586
13-70	en	954	77	8.0713
15-10	en	625	27	4.32
15-8	en	1797	191	10.6288
6-16	en	1295	44	3.3977
1-115	en	954	87	9.1195
11-27	en	1356	3	0.2212
8-47	en	389	16	4.1131
9-20	en	320	19	5.9375
12-141	en	1182	19	1.6074
16-241	en	499	56	11.2224
18-114	en	577	45	7.799
22-66	en	797	14	1.7566
21-43	en	613	60	9.7879
22-17	en	1798	8	0.4449
22-42	en	911	7	0.7684
21-350	en	608	26	4.2763
11-26	en	657	3	0.4566
21-36	en	1951	111	5.6894
8-43	en	522	32	6.1303
24-111	en	946	3	0.3171
20-2	en	407	5	1.2285
21-332	en	1096	29	2.646
13-26	en	623	52	8.3467
16-86	en	514	33	6.4202
13-25	en	622	52	8.3601
5-126	en	706	33	4.6742
19-88	en	942	47	4.9894
23-5	en	379	26	6.8602
9-21	en	440	32	7.2727
24-64	en	788	19	2.4112
2-20	en	587	27	4.5997
15-41	en	994	64	6.4386
24-47	en	171	6	3.5088
5-130	en	1067	46	4.3112
24-30	en	567	3	0.5291
13-83	en	1141	100	8.7642
24-114	en	1378	1	0.0726
24-121	en	282	11	3.9007
4-27	en	237	1	0.4219
6-41	en	482	33	6.8465
21-5	en	704	11	1.5625
7-27	en	1087	106	9.7516
9-16	en	578	26	4.4983
22-71	en	744	9	1.2097
24-56	en	629	39	6.2003
16-24	en	1873	97	5.1789
21-213	en	342	37	10.8187
5-1	en	1110	61	5.4955
16-246	en	527	25	4.7438
19-146	en	418	15	3.5885
12-117	en	1052	76	7.2243
21-144	en	424	9	2.1226
2-16	en	804	48	5.9701
23-27	en	368	21	5.7065
24-17	en	1228	78	6.3518
24-23	en	303	16	5.2805
24-103	en	649	8	1.2327
17-108	en	720	54	7.5
21-125	en	1183	51	4.3111
19-141	en	1608	46	2.8607
17-164	en	943	27	2.8632
16-141	en	671	45	6.7064
16-248	en	648	47	7.2531
5-92	en	507	31	6.1144
4-1	en	507	3	0.5917
13-98	en	386	12	3.1088
21-324	en	403	22	5.4591
8-21	en	259	11	4.2471
24-123	en	1318	57	4.3247
13-74	en	1696	103	6.0731
14-21	en	1395	163	11.6846
1-39	en	595	31	5.2101
9-34	en	813	49	6.0271
16-260	en	1634	78	4.7736
14-15	en	1142	165	14.4483
8-53	en	507	26	5.1282
21-334	en	744	42	5.6452
7-80	en	615	64	10.4065
21-327	en	1664	105	6.3101
22-72	en	713	18	2.5245
10-42	en	1927	167	8.6663
22-40	en	895	8	0.8939
16-116	en	1331	66	4.9587
10-70	en	323	27	8.3591
13-76	en	439	48	10.9339
21-13	en	1942	10	0.5149
12-111	en	419	6	1.432
17-132	en	483	22	4.5549
18-99	en	445	6	1.3483
6-84	en	604	42	6.9536
9-24	en	235	12	5.1064
13-96	en	556	53	9.5324
16-100	en	444	31	6.982
5-85	en	838	38	4.5346
17-19	en	697	17	2.439
24-82	en	1312	47	3.5823
21-118	en	1283	0	0.0
21-285	en	1295	59	4.556
23-89	en	711	36	5.0633
17-82	en	769	10	1.3004
6-33	en	764	17	2.2251
9-103	en	539	50	9.2764
22-12	en	1068	20	1.8727
12-81	en	1919	137	7.1391
21-253	en	752	3	0.3989
8-13	en	1758	48	2.7304
5-34	en	831	37	4.4525
19-41	en	1554	42	2.7027
22-26	en	637	9	1.4129
13-65	en	907	94	10.3638
8-68	en	592	30	5.0676
8-35	en	430	25	5.814
12-93	en	290	13	4.4828
22-57	en	767	17	2.2164
18-106	en	526	30	5.7034
21-314	en	315	4	1.2698
21-103	en	924	40	4.329
9-54	en	548	62	11.3139
22-7	en	1045	19	1.8182
10-68	en	384	24	6.25
3-44	en	743	13	1.7497
21-169	en	1455	86	5.9107
24-53	en	517	51	9.8646
6-43	en	441	33	7.483
21-251	en	2025	6	0.2963
21-17	en	963	11	1.1423
10-96	en	277	19	6.8592
16-125	en	1314	69	5.2511
16-209	en	2023	136	6.7227
5-47	en	657	30	4.5662
24-118	en	996	17	1.7068
20-4	en	1798	96	5.3393
12-78	en	612	25	4.085
24-3	en	1837	180	9.7986
15-23	en	651	49	7.5269
5-119	en	351	13	3.7037
21-354	en	695	19	2.7338
21-228	en	648	45	6.9444
16-245	en	356	20	5.618
21-226	en	722	47	6.5097
21-336	en	991	40	4.0363
3-36	en	1754	21	1.1973
20-10	en	840	20	2.381
24-41	en	379	8	2.1108
10-86	en	1550	133	8.5806
14-41	en	1081	100	9.2507
22-36	en	690	6	0.8696
15-20	en	1013	83	8.1935
18-57	en	1320	83	6.2879
17-67	en	427	21	4.918
10-57	en	796	75	9.4221
15-40	en	965	81	8.3938
7-28	en	785	61	7.7707
22-4	en	1746	32	1.8328
4-36	en	376	9	2.3936
10-29	en	389	32	8.2262
21-255	en	1660	13	0.7831
12-120	en	985	64	6.4975
11-16	en	907	13	1.4333
14-10	en	844	32	3.7915
15-36	en	2086	106	5.0815
1-40	en	717	19	2.6499
9-7	en	1435	52	3.6237
18-110	en	1095	130	11.8721
5-112	en	597	12	2.0101
24-74	en	588	22	3.7415
21-326	en	1696	103	6.0731
16-126	en	1551	48	3.0948
13-101	en	759	56	7.3781
6-80	en	1058	44	4.1588
19-124	en	1133	63	5.5605
23-92	en	1515	166	10.9571
15-14	en	827	64	7.7388
7-46	en	714	65	9.1036
21-121	en	1229	77	6.2653
18-28	en	1270	107	8.4252
21-147	en	719	12	1.669
19-128	en	703	49	6.9701
3-28	en	697	21	3.0129
1-89	en	1485	99	6.6667
22-77	en	499	14	2.8056
14-58	en	1760	177	10.0568
12-28	en	685	36	5.2555
21-117	en	1035	25	2.4155
17-47	en	1792	39	2.1763
24-1	en	1964	257	13.0855
13-55	en	386	49	12.6943
24-136	en	1425	44	3.0877
16-79	en	1463	82	5.6049
24-2	en	1837	180	9.7986
24-6	en	1837	180	9.7986
21-140	en	437	16	3.6613
22-19	en	985	27	2.7411
11-34	en	1233	3	0.2433
17-159	en	1235	19	1.5385
17-161	en	1085	26	2.3963
18-97	en	768	13	1.6927
17-169	en	540	8	1.4815
17-15	en	1244	64	5.1447
18-113	en	1255	113	9.004
5-116	en	292	18	6.1644
4-2	en	1439	51	3.5441
12-61	en	1788	76	4.2506
13-58	en	625	60	9.6
17-75	en	1506	46	3.0544
16-168	en	840	44	5.2381
10-20	en	1807	151	8.3564
5-42	en	523	29	5.5449
11-19	en	586	3	0.5119
10-95	en	934	62	6.6381
21-143	en	427	24	5.6206
11-12	en	862	15	1.7401
16-6	en	1609	71	4.4127
18-27	en	758	48	6.3325
10-63	en	810	80	9.8765
11-24	en	686	1	0.1458
21-229	en	582	39	6.701
23-94	en	186	7	3.7634
1-113	en	1444	62	4.2936
16-1	en	1354	82	6.0561
17-51	en	310	5	1.6129
1-79	en	1473	117	7.943
16-233	en	243	20	8.2305
22-37	en	799	13	1.627
19-127	en	825	50	6.0606
21-178	en	1698	128	7.5383
10-9	en	2022	164	8.1108
23-69	en	1720	174	10.1163
19-119	en	777	56	7.2072
24-105	en	1737	33	1.8998
20-22	en	1828	161	8.8074
12-47	en	1742	6	0.3444
19-112	en	612	46	7.5163
10-85	en	465	53	11.3978
18-84	en	447	35	7.83
20-19	en	457	24	5.2516
12-108	en	575	26	4.5217
7-8	en	803	99	12.3288
21-244	en	526	32	6.0837
5-44	en	527	33	6.2619
13-99	en	554	56	10.1083
23-91	en	645	69	10.6977
12-148	en	1508	86	5.7029
6-73	en	362	16	4.4199
20-38	en	601	55	9.1514
8-39	en	352	11	3.125
13-123	en	1422	79	5.5556
12-94	en	372	9	2.4194
21-131	en	1227	78	6.357
24-27	en	1453	40	2.7529
13-94	en	750	80	10.6667
20-12	en	1540	111	7.2078
21-150	en	726	46	6.3361
24-144	en	669	26	3.8864
12-135	en	299	22	7.3579
21-190	en	1410	141	10.0
11-30	en	549	2	0.3643
17-119	en	563	21	3.73
24-126	en	1153	31	2.6886
21-115	en	839	51	6.0787
24-33	en	299	9	3.01
8-71	en	483	36	7.4534
11-35	en	1536	2	0.1302
21-263	en	716	12	1.676
22-45	en	1240	11	0.8871
15-43	en	635	35	5.5118
14-43	en	1457	139	9.5402
22-24	en	1020	22	2.1569
21-133	en	559	53	9.4812
9-122	en	415	35	8.4337
21-153	en	643	52	8.0871
23-12	en	602	36	5.9801
17-95	en	429	6	1.3986
17-142	en	1034	42	4.0619
21-281	en	607	12	1.9769
6-57	en	413	20	4.8426
4-24	en	299	8	2.6756
12-97	en	529	15	2.8355
8-73	en	373	27	7.2386
12-49	en	1921	108	5.6221
9-89	en	502	24	4.7809
14-49	en	567	59	10.4056
21-301	en	1229	101	8.2181
17-129	en	985	61	6.1929
24-62	en	735	22	2.9932
24-55	en	706	31	4.3909
12-150	en	1075	55	5.1163
7-81	en	594	46	7.7441
16-237	en	537	40	7.4488
23-2	en	848	36	4.2453
2-9	en	700	59	8.4286
22-62	en	308	3	0.974
24-54	en	661	59	8.9259
13-111	en	1366	77	5.6369
16-232	en	1646	90	5.4678
19-140	en	1458	48	3.2922
12-151	en	900	47	5.2222
22-27	en	543	12	2.2099
9-106	en	661	37	5.5976
24-63	en	526	13	2.4715
8-38	en	490	29	5.9184
17-110	en	955	29	3.0366
21-92	en	1617	82	5.0711
24-36	en	387	4	1.0336
1-33	en	604	35	5.7947
21-22	en	1681	81	4.8186
4-34	en	1426	23	1.6129
21-238	en	758	40	5.277
16-220	en	990	53	5.3535
16-256	en	353	47	13.3144
16-115	en	1370	56	4.0876
24-112	en	801	3	0.3745
18-86	en	637	23	3.6107
15-22	en	661	49	7.413
17-17	en	477	15	3.1447
16-108	en	895	92	10.2793
1-118	en	707	21	2.9703
15-44	en	1043	57	5.465
16-25	en	1228	78	6.3518
5-127	en	1084	52	4.797
12-80	en	1384	48	3.4682
13-67	en	907	94	10.3638
12-114	en	753	57	7.5697
7-4	en	522	49	9.387
17-66	en	619	28	4.5234
12-101	en	690	32	4.6377
16-254	en	334	21	6.2874
20-25	en	558	34	6.0932
18-33	en	1574	145	9.2122
17-71	en	730	26	3.5616
21-42	en	1081	99	9.1582
21-297	en	544	20	3.6765
4-3	en	1082	19	1.756
24-76	en	687	14	2.0378
24-116	en	377	1	0.2653
22-39	en	872	5	0.5734
3-19	en	762	8	1.0499
9-67	en	1693	65	3.8393
24-34	en	291	3	1.0309
16-44	en	1253	61	4.8683
23-76	en	921	41	4.4517
1-37	en	464	19	4.0948
9-114	en	622	46	7.3955
23-51	en	716	33	4.6089
16-102	en	544	21	3.8603
21-63	en	947	75	7.9197
19-122	en	603	27	4.4776
23-66	en	531	39	7.3446
13-119	en	768	59	7.6823
5-46	en	539	27	5.0093
12-136	en	685	18	2.6277
24-57	en	461	37	8.026
13-80	en	1309	139	10.6188
16-122	en	1370	56	4.0876
19-145	en	342	6	1.7544
20-11	en	1423	49	3.4434
12-51	en	1500	71	4.7333
19-93	en	1593	111	6.968
21-101	en	1266	94	7.425
7-48	en	184	34	18.4783
21-45	en	1185	50	4.2194
19-114	en	580	35	6.0345
16-160	en	1238	42	3.3926
16-37	en	1009	28	2.775
12-129	en	575	44	7.6522
22-51	en	1894	17	0.8976
21-209	en	678	46	6.7847
8-15	en	1643	50	3.0432
1-2	en	702	104	14.8148
4-30	en	651	19	2.9186
16-182	en	1213	21	1.7312
24-102	en	1330	75	5.6391
13-69	en	934	69	7.3876
2-12	en	242	5	2.0661
24-31	en	437	6	1.373
17-53	en	858	10	1.1655
24-86	en	745	21	2.8188
10-33	en	586	53	9.0444
16-33	en	1455	102	7.0103
9-38	en	1021	83	8.1293
18-107	en	606	30	4.9505
13-63	en	255	13	5.098
9-51	en	688	49	7.1221
3-49	en	1416	93	6.5678
23-58	en	1068	73	6.8352
23-79	en	803	28	3.4869
21-128	en	1131	39	3.4483
15-17	en	488	32	6.5574
7-5	en	317	27	8.5174
21-88	en	1481	91	6.1445
12-106	en	455	22	4.8352
24-129	en	963	12	1.2461
10-90	en	1351	93	6.8838
21-58	en	771	46	5.9663
16-163	en	1218	38	3.1199
16-247	en	415	56	13.494
9-123	en	1375	94	6.8364
24-115	en	1263	11	0.8709
13-88	en	448	40	8.9286
21-84	en	1235	56	4.5344
19-57	en	653	33	5.0536
19-52	en	1803	15	0.8319
21-91	en	1393	107	7.6813
17-73	en	1444	42	2.9086
13-104	en	876	42	4.7945
21-158	en	653	50	7.657
1-117	en	996	36	3.6145
6-23	en	612	41	6.6993
7-87	en	1840	186	10.1087
8-41	en	510	18	3.5294
5-49	en	768	22	2.8646
19-31	en	851	20	2.3502
23-50	en	364	19	5.2198
16-257	en	734	30	4.0872
17-89	en	291	0	0.0
12-12	en	1841	128	6.9527
10-72	en	515	33	6.4078
15-18	en	605	51	8.4298
21-40	en	484	27	5.5785
14-6	en	1115	107	9.5964
9-82	en	1275	104	8.1569
22-34	en	538	6	1.1152
10-7	en	1372	75	5.4665
15-38	en	1456	132	9.0659
15-35	en	566	54	9.5406
21-247	en	525	25	4.7619
23-84	en	435	19	4.3678
9-87	en	764	66	8.6387
12-131	en	372	13	3.4946
12-72	en	1355	77	5.6827
16-120	en	1219	60	4.9221
22-75	en	781	14	1.7926
21-188	en	1185	45	3.7975
16-119	en	1370	56	4.0876
21-14	en	2020	1	0.0495
24-75	en	1132	43	3.7986
13-93	en	377	61	16.1804
14-36	en	996	81	8.1325
19-62	en	991	66	6.6599
24-100	en	646	12	1.8576
16-101	en	1105	69	6.2443
21-98	en	353	38	10.7649
18-74	en	1309	77	5.8824
16-72	en	1777	104	5.8526
11-31	en	230	0	0.0
23-47	en	1094	74	6.7642
7-51	en	519	52	10.0193
10-45	en	1596	171	10.7143
16-184	en	718	29	4.039
12-86	en	1618	81	5.0062
24-52	en	606	11	1.8152
24-134	en	1050	38	3.619
16-61	en	1719	34	1.9779
24-67	en	612	23	3.7582
17-50	en	1808	51	2.8208
5-72	en	772	24	3.1088
17-163	en	358	10	2.7933
21-145	en	385	15	3.8961
8-46	en	449	17	3.7862
21-222	en	1082	68	6.2847
12-155	en	603	38	6.3018
16-170	en	848	37	4.3632
16-124	en	1392	66	4.7414
8-42	en	311	40	12.8617
24-39	en	528	4	0.7576
7-65	en	667	54	8.096
7-50	en	720	88	12.2222
21-180	en	754	38	5.0398
16-80	en	777	68	8.7516
19-65	en	766	24	3.1332
16-243	en	514	73	14.2023
19-80	en	1137	85	7.4758
9-83	en	589	28	4.7538
22-68	en	1174	32	2.7257
8-78	en	741	60	8.0972
23-20	en	459	51	11.1111
16-175	en	731	27	3.6936
24-131	en	728	11	1.511
16-206	en	1945	145	7.455
7-75	en	389	42	10.7969
14-60	en	1725	165	9.5652
16-207	en	1945	145	7.455
21-176	en	1620	115	7.0988
16-134	en	1074	56	5.2142
15-42	en	714	47	6.5826
8-24	en	577	26	4.5061
13-79	en	818	55	6.7237
19-76	en	451	12	2.6608
21-295	en	545	23	4.2202
16-111	en	401	22	5.4863
22-70	en	505	6	1.1881
24-5	en	1959	268	13.6804
21-51	en	678	52	7.6696
22-53	en	413	10	2.4213
23-55	en	464	32	6.8966
5-115	en	283	18	6.3604
24-132	en	842	19	2.2565
22-41	en	518	4	0.7722
16-92	en	906	35	3.8631
21-149	en	675	52	7.7037
16-56	en	982	25	2.5458
21-124	en	1062	51	4.8023
6-56	en	398	18	4.5226
19-123	en	805	50	6.2112
13-38	en	808	59	7.302
8-22	en	477	12	2.5157
16-240	en	277	25	9.0253
17-160	en	1076	24	2.2305
21-108	en	1128	26	2.305
19-61	en	587	40	6.8143
9-94	en	821	59	7.1864
16-250	en	285	29	10.1754
21-182	en	823	45	5.4678
14-14	en	543	59	10.8656
20-33	en	841	51	6.0642
12-77	en	443	29	6.5463
23-21	en	1394	121	8.6801
10-98	en	763	40	5.2425
23-62	en	327	10	3.0581
23-74	en	1244	24	1.9293
3-40	en	768	14	1.8229
5-123	en	387	17	4.3928
19-3	en	1843	130	7.0537
7-16	en	509	62	12.1807
21-298	en	508	15	2.9528
24-140	en	509	6	1.1788
2-8	en	560	33	5.8929
24-69	en	626	22	3.5144
17-74	en	1494	42	2.8112
24-73	en	608	48	7.8947
16-223	en	692	17	2.4566
24-87	en	1876	33	1.7591
21-335	en	1032	49	4.7481
5-23	en	471	11	2.3355
10-4	en	2018	165	8.1764
17-165	en	695	14	2.0144
14-48	en	1111	100	9.0009
11-10	en	1987	58	2.919
19-77	en	653	42	6.4319
16-204	en	1956	139	7.1063
24-119	en	753	23	3.0544
16-53	en	574	26	4.5296
8-29	en	665	21	3.1579
12-123	en	807	44	5.4523
19-117	en	842	72	8.5511
21-12	en	741	12	1.6194
7-83	en	487	46	9.4456
10-8	en	1412	92	6.5156
21-302	en	1269	93	7.3286
24-83	en	828	20	2.4155
14-45	en	519	69	13.2948
22-20	en	2110	22	1.0427
